Date,Start (ET),Visitor/Neutral,PTS,Home/Neutral,PTS,,,Attend.,Arena,Notes
Tue Oct 22 2019,8:00p,New Orleans Pelicans,122,Toronto Raptors,130,Box Score,OT,20787,Scotiabank Arena,
Tue Oct 22 2019,10:30p,Los Angeles Lakers,102,Los Angeles Clippers,112,Box Score,,19068,STAPLES Center,
Wed Oct 23 2019,7:00p,Chicago Bulls,125,Charlotte Hornets,126,Box Score,,15424,Spectrum Center,
Wed Oct 23 2019,7:00p,Detroit Pistons,119,Indiana Pacers,110,Box Score,,17923,Bankers Life Fieldhouse,
Wed Oct 23 2019,7:00p,Cleveland Cavaliers,85,Orlando Magic,94,Box Score,,18846,Amway Center,
Wed Oct 23 2019,7:30p,Minnesota Timberwolves,127,Brooklyn Nets,126,Box Score,OT,17732,Barclays Center,
Wed Oct 23 2019,7:30p,Memphis Grizzlies,101,Miami Heat,120,Box Score,,19600,AmericanAirlines Arena,
Wed Oct 23 2019,7:30p,Boston Celtics,93,Philadelphia 76ers,107,Box Score,,20422,Wells Fargo Center,
Wed Oct 23 2019,8:30p,Washington Wizards,100,Dallas Mavericks,108,Box Score,,19816,American Airlines Center,
Wed Oct 23 2019,8:30p,New York Knicks,111,San Antonio Spurs,120,Box Score,,18354,AT&T Center,
Wed Oct 23 2019,9:00p,Oklahoma City Thunder,95,Utah Jazz,100,Box Score,,18306,Vivint Smart Home Arena,
Wed Oct 23 2019,10:00p,Sacramento Kings,95,Phoenix Suns,124,Box Score,,18055,Talking Stick Resort Arena,
Wed Oct 23 2019,10:00p,Denver Nuggets,108,Portland Trail Blazers,100,Box Score,,19991,Moda Center,
Thu Oct 24 2019,7:00p,Atlanta Hawks,117,Detroit Pistons,100,Box Score,,20338,Little Caesars Arena,
Thu Oct 24 2019,8:00p,Milwaukee Bucks,117,Houston Rockets,111,Box Score,,18055,Toyota Center,
Thu Oct 24 2019,10:30p,Los Angeles Clippers,141,Golden State Warriors,122,Box Score,,18064,Chase Center,
Fri Oct 25 2019,7:00p,Toronto Raptors,106,Boston Celtics,112,Box Score,,18624,TD Garden,
Fri Oct 25 2019,7:00p,Minnesota Timberwolves,121,Charlotte Hornets,99,Box Score,,14879,Spectrum Center,
Fri Oct 25 2019,7:30p,New York Knicks,109,Brooklyn Nets,113,Box Score,,17732,Barclays Center,
Fri Oct 25 2019,8:00p,Chicago Bulls,110,Memphis Grizzlies,102,Box Score,,17794,FedEx Forum,
Fri Oct 25 2019,8:00p,Dallas Mavericks,123,New Orleans Pelicans,116,Box Score,,17027,Smoothie King Center,
Fri Oct 25 2019,8:00p,Washington Wizards,97,Oklahoma City Thunder,85,Box Score,,18203,Chesapeake Energy Arena,
Fri Oct 25 2019,9:00p,Phoenix Suns,107,Denver Nuggets,108,Box Score,OT,19557,Pepsi Center,
Fri Oct 25 2019,10:00p,Portland Trail Blazers,122,Sacramento Kings,112,Box Score,,17583,Golden 1 Center,
Fri Oct 25 2019,10:30p,Utah Jazz,86,Los Angeles Lakers,95,Box Score,,18997,STAPLES Center,
Sat Oct 26 2019,5:00p,Miami Heat,131,Milwaukee Bucks,126,Box Score,OT,17467,Fiserv Forum,
Sat Oct 26 2019,7:00p,Philadelphia 76ers,117,Detroit Pistons,111,Box Score,,16207,Little Caesars Arena,
Sat Oct 26 2019,7:30p,Orlando Magic,99,Atlanta Hawks,103,Box Score,,17078,State Farm Arena,
Sat Oct 26 2019,7:30p,Boston Celtics,118,New York Knicks,95,Box Score,,19812,Madison Square Garden (IV),
Sat Oct 26 2019,8:00p,Toronto Raptors,108,Chicago Bulls,84,Box Score,,21498,United Center,
Sat Oct 26 2019,8:00p,Indiana Pacers,99,Cleveland Cavaliers,110,Box Score,,19432,Rocket Mortgage Fieldhouse,
Sat Oct 26 2019,8:00p,New Orleans Pelicans,123,Houston Rockets,126,Box Score,,18055,Toyota Center,
Sat Oct 26 2019,8:30p,Washington Wizards,122,San Antonio Spurs,124,Box Score,,18354,AT&T Center,
Sat Oct 26 2019,9:00p,Sacramento Kings,81,Utah Jazz,113,Box Score,,18306,Vivint Smart Home Arena,
Sat Oct 26 2019,10:00p,Los Angeles Clippers,122,Phoenix Suns,130,Box Score,,15802,Talking Stick Resort Arena,
Sun Oct 27 2019,3:30p,Golden State Warriors,92,Oklahoma City Thunder,120,Box Score,,18203,Chesapeake Energy Arena,
Sun Oct 27 2019,6:00p,Brooklyn Nets,133,Memphis Grizzlies,134,Box Score,OT,15517,FedEx Forum,
Sun Oct 27 2019,7:00p,Portland Trail Blazers,121,Dallas Mavericks,119,Box Score,,19707,American Airlines Center,
Sun Oct 27 2019,7:00p,Miami Heat,109,Minnesota Timberwolves,116,Box Score,,17049,Target Center,
Sun Oct 27 2019,9:30p,Charlotte Hornets,101,Los Angeles Lakers,120,Box Score,,18997,STAPLES Center,
Mon Oct 28 2019,7:00p,Chicago Bulls,98,New York Knicks,105,Box Score,,19812,Madison Square Garden (IV),
Mon Oct 28 2019,7:00p,Indiana Pacers,94,Detroit Pistons,96,Box Score,,13565,Little Caesars Arena,
Mon Oct 28 2019,7:30p,Orlando Magic,95,Toronto Raptors,104,Box Score,,19800,Scotiabank Arena,
Mon Oct 28 2019,7:30p,Philadelphia 76ers,105,Atlanta Hawks,103,Box Score,,14094,State Farm Arena,
Mon Oct 28 2019,8:00p,Oklahoma City Thunder,112,Houston Rockets,116,Box Score,,18055,Toyota Center,
Mon Oct 28 2019,8:00p,Cleveland Cavaliers,112,Milwaukee Bucks,129,Box Score,,17385,Fiserv Forum,
Mon Oct 28 2019,8:00p,Golden State Warriors,134,New Orleans Pelicans,123,Box Score,,17307,Smoothie King Center,
Mon Oct 28 2019,8:30p,Portland Trail Blazers,110,San Antonio Spurs,113,Box Score,,18083,AT&T Center,
Mon Oct 28 2019,10:00p,Utah Jazz,96,Phoenix Suns,95,Box Score,,14805,Talking Stick Resort Arena,
Mon Oct 28 2019,10:00p,Denver Nuggets,101,Sacramento Kings,94,Box Score,,15870,Golden 1 Center,
Mon Oct 28 2019,10:30p,Charlotte Hornets,96,Los Angeles Clippers,111,Box Score,,19068,STAPLES Center,
Tue Oct 29 2019,7:30p,Atlanta Hawks,97,Miami Heat,112,Box Score,,19600,AmericanAirlines Arena,
Tue Oct 29 2019,9:00p,Dallas Mavericks,109,Denver Nuggets,106,Box Score,,16605,Pepsi Center,
Tue Oct 29 2019,10:30p,Memphis Grizzlies,91,Los Angeles Lakers,120,Box Score,,18997,STAPLES Center,
Wed Oct 30 2019,7:00p,Chicago Bulls,111,Cleveland Cavaliers,117,Box Score,,17595,Rocket Mortgage Fieldhouse,
Wed Oct 30 2019,7:00p,New York Knicks,83,Orlando Magic,95,Box Score,,17456,Amway Center,
Wed Oct 30 2019,7:00p,Minnesota Timberwolves,95,Philadelphia 76ers,117,Box Score,,20204,Wells Fargo Center,
Wed Oct 30 2019,7:30p,Milwaukee Bucks,105,Boston Celtics,116,Box Score,,18624,TD Garden,
Wed Oct 30 2019,7:30p,Indiana Pacers,118,Brooklyn Nets,108,Box Score,,17083,Barclays Center,
Wed Oct 30 2019,7:30p,Detroit Pistons,113,Toronto Raptors,125,Box Score,,19800,Scotiabank Arena,
Wed Oct 30 2019,8:00p,Portland Trail Blazers,102,Oklahoma City Thunder,99,Box Score,,18203,Chesapeake Energy Arena,
Wed Oct 30 2019,8:00p,Houston Rockets,159,Washington Wizards,158,Box Score,,20476,Capital One Arena,
Wed Oct 30 2019,10:00p,Charlotte Hornets,118,Sacramento Kings,111,Box Score,,15416,Golden 1 Center,
Wed Oct 30 2019,10:00p,Los Angeles Clippers,96,Utah Jazz,110,Box Score,,18306,Vivint Smart Home Arena,
Wed Oct 30 2019,10:30p,Phoenix Suns,121,Golden State Warriors,110,Box Score,,18064,Chase Center,
Thu Oct 31 2019,7:00p,Miami Heat,106,Atlanta Hawks,97,Box Score,,16539,State Farm Arena,
Thu Oct 31 2019,9:30p,Denver Nuggets,107,New Orleans Pelicans,122,Box Score,,16613,Smoothie King Center,
Thu Oct 31 2019,10:30p,San Antonio Spurs,97,Los Angeles Clippers,103,Box Score,,19068,STAPLES Center,
Fri Nov 1 2019,7:00p,Houston Rockets,116,Brooklyn Nets,123,Box Score,,17732,Barclays Center,
Fri Nov 1 2019,7:00p,Cleveland Cavaliers,95,Indiana Pacers,102,Box Score,,16079,Bankers Life Fieldhouse,
Fri Nov 1 2019,7:00p,Milwaukee Bucks,123,Orlando Magic,91,Box Score,,15105,Amway Center,
Fri Nov 1 2019,7:30p,New York Knicks,102,Boston Celtics,104,Box Score,,18624,TD Garden,
Fri Nov 1 2019,8:00p,Detroit Pistons,106,Chicago Bulls,112,Box Score,,20671,United Center,
Fri Nov 1 2019,9:30p,Los Angeles Lakers,119,Dallas Mavericks,110,Box Score,OT,20358,American Airlines Center,
Fri Nov 1 2019,10:00p,Utah Jazz,101,Sacramento Kings,102,Box Score,,16273,Golden 1 Center,
Fri Nov 1 2019,10:30p,San Antonio Spurs,127,Golden State Warriors,110,Box Score,,18064,Chase Center,
Sat Nov 2 2019,5:00p,New Orleans Pelicans,104,Oklahoma City Thunder,115,Box Score,,18203,Chesapeake Energy Arena,
Sat Nov 2 2019,7:00p,Brooklyn Nets,109,Detroit Pistons,113,Box Score,,17222,Little Caesars Arena,
Sat Nov 2 2019,7:00p,Denver Nuggets,91,Orlando Magic,87,Box Score,,17025,Amway Center,
Sat Nov 2 2019,8:00p,Phoenix Suns,114,Memphis Grizzlies,105,Box Score,,14144,FedEx Forum,
Sat Nov 2 2019,8:00p,Toronto Raptors,105,Milwaukee Bucks,115,Box Score,,17637,Fiserv Forum,
Sat Nov 2 2019,8:00p,Minnesota Timberwolves,131,Washington Wizards,109,Box Score,,15150,Capital One Arena,
Sat Nov 2 2019,8:30p,Charlotte Hornets,93,Golden State Warriors,87,Box Score,,18064,Chase Center,
Sat Nov 2 2019,10:00p,Philadelphia 76ers,129,Portland Trail Blazers,128,Box Score,,19669,Moda Center,
Sun Nov 3 2019,5:00p,Chicago Bulls,95,Indiana Pacers,108,Box Score,,17073,Bankers Life Fieldhouse,
Sun Nov 3 2019,6:00p,Houston Rockets,100,Miami Heat,129,Box Score,,19724,AmericanAirlines Arena,
Sun Nov 3 2019,6:00p,Sacramento Kings,113,New York Knicks,92,Box Score,,19812,Madison Square Garden (IV),
Sun Nov 3 2019,7:00p,Los Angeles Lakers,103,San Antonio Spurs,96,Box Score,,18610,AT&T Center,
Sun Nov 3 2019,7:30p,Dallas Mavericks,131,Cleveland Cavaliers,111,Box Score,,18078,Rocket Mortgage Fieldhouse,
Sun Nov 3 2019,9:00p,Utah Jazz,94,Los Angeles Clippers,105,Box Score,,19068,STAPLES Center,
Mon Nov 4 2019,7:00p,Detroit Pistons,99,Washington Wizards,115,Box Score,,13052,Capital One Arena,
Mon Nov 4 2019,7:30p,New Orleans Pelicans,125,Brooklyn Nets,135,Box Score,,17194,Barclays Center,
Mon Nov 4 2019,8:00p,Houston Rockets,107,Memphis Grizzlies,100,Box Score,,14197,FedEx Forum,
Mon Nov 4 2019,8:00p,Milwaukee Bucks,134,Minnesota Timberwolves,106,Box Score,,16271,Target Center,
Mon Nov 4 2019,9:00p,Philadelphia 76ers,109,Phoenix Suns,114,Box Score,,14285,Talking Stick Resort Arena,
Mon Nov 4 2019,10:30p,Portland Trail Blazers,118,Golden State Warriors,127,Box Score,,18064,Chase Center,
Tue Nov 5 2019,7:00p,Indiana Pacers,120,Charlotte Hornets,122,Box Score,OT,13341,Spectrum Center,
Tue Nov 5 2019,7:00p,Boston Celtics,119,Cleveland Cavaliers,113,Box Score,,17709,Rocket Mortgage Fieldhouse,
Tue Nov 5 2019,7:30p,San Antonio Spurs,100,Atlanta Hawks,108,Box Score,,14025,State Farm Arena,
Tue Nov 5 2019,8:00p,Los Angeles Lakers,118,Chicago Bulls,112,Box Score,,21193,United Center,
Tue Nov 5 2019,8:00p,Orlando Magic,94,Oklahoma City Thunder,102,Box Score,,18203,Chesapeake Energy Arena,
Tue Nov 5 2019,9:00p,Miami Heat,89,Denver Nuggets,109,Box Score,,18010,Pepsi Center,
Wed Nov 6 2019,7:00p,New York Knicks,102,Detroit Pistons,122,Box Score,,15463,Little Caesars Arena,
Wed Nov 6 2019,7:00p,Washington Wizards,106,Indiana Pacers,121,Box Score,,16171,Bankers Life Fieldhouse,
Wed Nov 6 2019,7:30p,Chicago Bulls,113,Atlanta Hawks,93,Box Score,,15049,State Farm Arena,
Wed Nov 6 2019,7:30p,Golden State Warriors,112,Houston Rockets,129,Box Score,,18055,Toyota Center,
Wed Nov 6 2019,7:30p,Sacramento Kings,120,Toronto Raptors,124,Box Score,,19800,Scotiabank Arena,
Wed Nov 6 2019,8:00p,Minnesota Timberwolves,121,Memphis Grizzlies,137,Box Score,,13503,FedEx Forum,
Wed Nov 6 2019,8:30p,Orlando Magic,106,Dallas Mavericks,107,Box Score,,19487,American Airlines Center,
Wed Nov 6 2019,9:00p,Philadelphia 76ers,104,Utah Jazz,106,Box Score,,18306,Vivint Smart Home Arena,
Wed Nov 6 2019,10:00p,Milwaukee Bucks,129,Los Angeles Clippers,124,Box Score,,19068,STAPLES Center,
Thu Nov 7 2019,8:00p,Boston Celtics,108,Charlotte Hornets,87,Box Score,,18487,Spectrum Center,
Thu Nov 7 2019,8:30p,Oklahoma City Thunder,112,San Antonio Spurs,121,Box Score,,18354,AT&T Center,
Thu Nov 7 2019,9:00p,Miami Heat,124,Phoenix Suns,108,Box Score,,15498,Talking Stick Resort Arena,
Thu Nov 7 2019,10:30p,Portland Trail Blazers,101,Los Angeles Clippers,107,Box Score,,19068,STAPLES Center,
Fri Nov 8 2019,7:00p,Detroit Pistons,106,Indiana Pacers,112,Box Score,,15544,Bankers Life Fieldhouse,
Fri Nov 8 2019,7:00p,Memphis Grizzlies,86,Orlando Magic,118,Box Score,,17021,Amway Center,
Fri Nov 8 2019,7:00p,Cleveland Cavaliers,113,Washington Wizards,100,Box Score,,16946,Capital One Arena,
Fri Nov 8 2019,7:30p,Sacramento Kings,121,Atlanta Hawks,109,Box Score,,16447,State Farm Arena,
Fri Nov 8 2019,8:00p,Golden State Warriors,119,Minnesota Timberwolves,125,Box Score,OT,15647,Target Center,
Fri Nov 8 2019,8:00p,Toronto Raptors,122,New Orleans Pelicans,104,Box Score,,16337,Smoothie King Center,
Fri Nov 8 2019,8:30p,New York Knicks,106,Dallas Mavericks,102,Box Score,,20257,American Airlines Center,
Fri Nov 8 2019,9:00p,Philadelphia 76ers,97,Denver Nuggets,100,Box Score,,19520,Pepsi Center,
Fri Nov 8 2019,9:00p,Milwaukee Bucks,100,Utah Jazz,103,Box Score,,18306,Vivint Smart Home Arena,
Fri Nov 8 2019,10:00p,Brooklyn Nets,119,Portland Trail Blazers,115,Box Score,,20089,Moda Center,
Fri Nov 8 2019,10:30p,Miami Heat,80,Los Angeles Lakers,95,Box Score,,18997,STAPLES Center,
Sat Nov 9 2019,5:00p,Boston Celtics,135,San Antonio Spurs,115,Box Score,,18354,AT&T Center,
Sat Nov 9 2019,7:00p,New Orleans Pelicans,115,Charlotte Hornets,110,Box Score,,18513,Spectrum Center,
Sat Nov 9 2019,8:00p,Houston Rockets,117,Chicago Bulls,94,Box Score,,20482,United Center,
Sat Nov 9 2019,8:00p,Dallas Mavericks,138,Memphis Grizzlies,122,Box Score,,15753,FedEx Forum,
Sat Nov 9 2019,8:00p,Golden State Warriors,108,Oklahoma City Thunder,114,Box Score,,18203,Chesapeake Energy Arena,
Sun Nov 10 2019,3:30p,Denver Nuggets,100,Minnesota Timberwolves,98,Box Score,OT,13553,Target Center,
Sun Nov 10 2019,6:00p,Indiana Pacers,109,Orlando Magic,102,Box Score,,17118,Amway Center,
Sun Nov 10 2019,6:00p,Charlotte Hornets,106,Philadelphia 76ers,114,Box Score,,20311,Wells Fargo Center,
Sun Nov 10 2019,7:00p,Milwaukee Bucks,121,Oklahoma City Thunder,119,Box Score,,18203,Chesapeake Energy Arena,
Sun Nov 10 2019,7:30p,Cleveland Cavaliers,108,New York Knicks,87,Box Score,,19812,Madison Square Garden (IV),
Sun Nov 10 2019,8:00p,Brooklyn Nets,112,Phoenix Suns,138,Box Score,,17290,Talking Stick Resort Arena,
Sun Nov 10 2019,9:00p,Atlanta Hawks,113,Portland Trail Blazers,124,Box Score,OT,20041,Moda Center,
Sun Nov 10 2019,9:30p,Toronto Raptors,113,Los Angeles Lakers,104,Box Score,,18997,STAPLES Center,
Mon Nov 11 2019,7:00p,Minnesota Timberwolves,120,Detroit Pistons,114,Box Score,,12526,Little Caesars Arena,
Mon Nov 11 2019,7:30p,Dallas Mavericks,106,Boston Celtics,116,Box Score,,18624,TD Garden,
Mon Nov 11 2019,7:30p,Memphis Grizzlies,113,San Antonio Spurs,109,Box Score,,18627,AT&T Center,
Mon Nov 11 2019,8:00p,Houston Rockets,122,New Orleans Pelicans,116,Box Score,,16695,Smoothie King Center,
Mon Nov 11 2019,10:30p,Utah Jazz,122,Golden State Warriors,108,Box Score,,18064,Chase Center,
Mon Nov 11 2019,10:30p,Toronto Raptors,88,Los Angeles Clippers,98,Box Score,,19068,STAPLES Center,
Tue Nov 12 2019,7:00p,Oklahoma City Thunder,85,Indiana Pacers,111,Box Score,,15838,Bankers Life Fieldhouse,
Tue Nov 12 2019,7:00p,Cleveland Cavaliers,97,Philadelphia 76ers,98,Box Score,,20294,Wells Fargo Center,
Tue Nov 12 2019,7:30p,Detroit Pistons,108,Miami Heat,117,Box Score,,19600,AmericanAirlines Arena,
Tue Nov 12 2019,8:00p,New York Knicks,102,Chicago Bulls,120,Box Score,,18668,United Center,
Tue Nov 12 2019,9:00p,Atlanta Hawks,125,Denver Nuggets,121,Box Score,,18327,Pepsi Center,
Tue Nov 12 2019,9:00p,Los Angeles Lakers,123,Phoenix Suns,115,Box Score,,18055,Talking Stick Resort Arena,
Tue Nov 12 2019,9:00p,Brooklyn Nets,114,Utah Jazz,119,Box Score,,18306,Vivint Smart Home Arena,
Tue Nov 12 2019,10:00p,Portland Trail Blazers,99,Sacramento Kings,107,Box Score,,16358,Golden 1 Center,
Wed Nov 13 2019,7:00p,Memphis Grizzlies,119,Charlotte Hornets,117,Box Score,,13155,Spectrum Center,
Wed Nov 13 2019,7:00p,Philadelphia 76ers,97,Orlando Magic,112,Box Score,,15113,Amway Center,
Wed Nov 13 2019,7:30p,Washington Wizards,133,Boston Celtics,140,Box Score,,19156,TD Garden,
Wed Nov 13 2019,7:30p,Los Angeles Clippers,93,Houston Rockets,102,Box Score,,18055,Toyota Center,
Wed Nov 13 2019,8:00p,San Antonio Spurs,114,Minnesota Timberwolves,129,Box Score,,11581,Target Center,
Wed Nov 13 2019,10:00p,Golden State Warriors,94,Los Angeles Lakers,120,Box Score,,18997,STAPLES Center,
Wed Nov 13 2019,10:00p,Toronto Raptors,114,Portland Trail Blazers,106,Box Score,,19544,Moda Center,
Thu Nov 14 2019,6:00p,Miami Heat,108,Cleveland Cavaliers,97,Box Score,,17374,Rocket Mortgage Fieldhouse,
Thu Nov 14 2019,8:00p,Chicago Bulls,115,Milwaukee Bucks,124,Box Score,,17627,Fiserv Forum,
Thu Nov 14 2019,8:00p,Los Angeles Clippers,127,New Orleans Pelicans,132,Box Score,,17147,Smoothie King Center,
Thu Nov 14 2019,8:00p,Dallas Mavericks,103,New York Knicks,106,Box Score,,19812,Madison Square Garden (IV),
Thu Nov 14 2019,9:00p,Atlanta Hawks,112,Phoenix Suns,128,Box Score,,15143,Talking Stick Resort Arena,
Thu Nov 14 2019,10:30p,Brooklyn Nets,93,Denver Nuggets,101,Box Score,,18394,Pepsi Center,
Fri Nov 15 2019,7:00p,Detroit Pistons,106,Charlotte Hornets,109,Box Score,,16778,Spectrum Center,
Fri Nov 15 2019,7:00p,San Antonio Spurs,109,Orlando Magic,111,Box Score,,16296,Amway Center,
Fri Nov 15 2019,8:00p,Indiana Pacers,102,Houston Rockets,111,Box Score,,18055,Toyota Center,
Fri Nov 15 2019,8:00p,Utah Jazz,106,Memphis Grizzlies,107,Box Score,,16422,FedEx Forum,
Fri Nov 15 2019,8:00p,Washington Wizards,137,Minnesota Timberwolves,116,Box Score,,12716,Target Center,
Fri Nov 15 2019,8:00p,Philadelphia 76ers,119,Oklahoma City Thunder,127,Box Score,OT,18203,Chesapeake Energy Arena,
Fri Nov 15 2019,10:30p,Boston Celtics,105,Golden State Warriors,100,Box Score,,18064,Chase Center,
Fri Nov 15 2019,10:30p,Sacramento Kings,97,Los Angeles Lakers,99,Box Score,,18997,STAPLES Center,
Sat Nov 16 2019,6:00p,Brooklyn Nets,117,Chicago Bulls,111,Box Score,,19148,United Center,
Sat Nov 16 2019,7:00p,Milwaukee Bucks,102,Indiana Pacers,83,Box Score,,17024,Bankers Life Fieldhouse,
Sat Nov 16 2019,7:30p,Charlotte Hornets,103,New York Knicks,102,Box Score,,19401,Madison Square Garden (IV),
Sat Nov 16 2019,8:00p,New Orleans Pelicans,94,Miami Heat,109,Box Score,,19600,AmericanAirlines Arena,
Sat Nov 16 2019,8:00p,Houston Rockets,125,Minnesota Timberwolves,105,Box Score,,18978,Target Center,
Sat Nov 16 2019,8:30p,Toronto Raptors,102,Dallas Mavericks,110,Box Score,,19926,American Airlines Center,
Sat Nov 16 2019,8:30p,Portland Trail Blazers,121,San Antonio Spurs,116,Box Score,,18534,AT&T Center,
Sat Nov 16 2019,10:30p,Atlanta Hawks,101,Los Angeles Clippers,150,Box Score,,19068,STAPLES Center,
Sun Nov 17 2019,3:00p,Philadelphia 76ers,114,Cleveland Cavaliers,95,Box Score,,19432,Rocket Mortgage Fieldhouse,
Sun Nov 17 2019,3:30p,Boston Celtics,99,Sacramento Kings,100,Box Score,,16633,Golden 1 Center,
Sun Nov 17 2019,6:00p,Denver Nuggets,131,Memphis Grizzlies,114,Box Score,,14227,FedEx Forum,
Sun Nov 17 2019,6:00p,Washington Wizards,121,Orlando Magic,125,Box Score,,16344,Amway Center,
Sun Nov 17 2019,7:00p,Golden State Warriors,100,New Orleans Pelicans,108,Box Score,,16812,Smoothie King Center,
Sun Nov 17 2019,9:30p,Atlanta Hawks,101,Los Angeles Lakers,122,Box Score,,18997,STAPLES Center,
Mon Nov 18 2019,7:00p,Cleveland Cavaliers,105,New York Knicks,123,Box Score,,17097,Madison Square Garden (IV),
Mon Nov 18 2019,7:30p,Indiana Pacers,115,Brooklyn Nets,86,Box Score,,14140,Barclays Center,
Mon Nov 18 2019,7:30p,Charlotte Hornets,96,Toronto Raptors,132,Box Score,,19800,Scotiabank Arena,
Mon Nov 18 2019,8:00p,Milwaukee Bucks,115,Chicago Bulls,101,Box Score,,17565,United Center,
Mon Nov 18 2019,8:00p,Portland Trail Blazers,108,Houston Rockets,132,Box Score,,18055,Toyota Center,
Mon Nov 18 2019,8:30p,San Antonio Spurs,110,Dallas Mavericks,117,Box Score,,19637,American Airlines Center,
Mon Nov 18 2019,9:00p,Boston Celtics,99,Phoenix Suns,85,Box Score,,15193,Talking Stick Resort Arena,
Mon Nov 18 2019,9:00p,Minnesota Timberwolves,112,Utah Jazz,102,Box Score,,18306,Vivint Smart Home Arena,
Mon Nov 18 2019,10:30p,Oklahoma City Thunder,88,Los Angeles Clippers,90,Box Score,,19068,STAPLES Center,
Tue Nov 19 2019,8:00p,Golden State Warriors,114,Memphis Grizzlies,95,Box Score,,14511,FedEx Forum,
Tue Nov 19 2019,8:00p,Portland Trail Blazers,104,New Orleans Pelicans,115,Box Score,,15021,Smoothie King Center,
Tue Nov 19 2019,10:00p,Phoenix Suns,116,Sacramento Kings,120,Box Score,,16732,Golden 1 Center,
Tue Nov 19 2019,10:30p,Oklahoma City Thunder,107,Los Angeles Lakers,112,Box Score,,18997,STAPLES Center,
Wed Nov 20 2019,7:00p,New York Knicks,104,Philadelphia 76ers,109,Box Score,,20384,Wells Fargo Center,
Wed Nov 20 2019,7:00p,San Antonio Spurs,132,Washington Wizards,138,Box Score,,14579,Capital One Arena,
Wed Nov 20 2019,7:30p,Milwaukee Bucks,135,Atlanta Hawks,127,Box Score,,16441,State Farm Arena,
Wed Nov 20 2019,7:30p,Charlotte Hornets,91,Brooklyn Nets,101,Box Score,,14011,Barclays Center,
Wed Nov 20 2019,7:30p,Golden State Warriors,94,Dallas Mavericks,142,Box Score,,19569,American Airlines Center,
Wed Nov 20 2019,7:30p,Cleveland Cavaliers,100,Miami Heat,124,Box Score,,19600,AmericanAirlines Arena,
Wed Nov 20 2019,7:30p,Orlando Magic,97,Toronto Raptors,113,Box Score,,19800,Scotiabank Arena,
Wed Nov 20 2019,8:00p,Detroit Pistons,89,Chicago Bulls,109,Box Score,,18119,United Center,
Wed Nov 20 2019,8:00p,Utah Jazz,103,Minnesota Timberwolves,95,Box Score,,13177,Target Center,
Wed Nov 20 2019,9:00p,Houston Rockets,95,Denver Nuggets,105,Box Score,,17778,Pepsi Center,
Wed Nov 20 2019,10:00p,Boston Celtics,104,Los Angeles Clippers,107,Box Score,OT,19068,STAPLES Center,
Thu Nov 21 2019,8:00p,Portland Trail Blazers,129,Milwaukee Bucks,137,Box Score,,17385,Fiserv Forum,
Thu Nov 21 2019,10:30p,New Orleans Pelicans,124,Phoenix Suns,121,Box Score,,13903,Talking Stick Resort Arena,
Fri Nov 22 2019,7:00p,Atlanta Hawks,103,Detroit Pistons,128,Box Score,,15399,Little Caesars Arena,
Fri Nov 22 2019,7:00p,Charlotte Hornets,118,Washington Wizards,125,Box Score,,15053,Capital One Arena,
Fri Nov 22 2019,7:30p,Sacramento Kings,97,Brooklyn Nets,116,Box Score,,15619,Barclays Center,
Fri Nov 22 2019,8:00p,Miami Heat,116,Chicago Bulls,108,Box Score,,18953,United Center,
Fri Nov 22 2019,8:00p,Los Angeles Lakers,130,Oklahoma City Thunder,127,Box Score,,18203,Chesapeake Energy Arena,
Fri Nov 22 2019,8:00p,San Antonio Spurs,104,Philadelphia 76ers,115,Box Score,,20927,Wells Fargo Center,
Fri Nov 22 2019,8:30p,Cleveland Cavaliers,101,Dallas Mavericks,143,Box Score,,19639,American Airlines Center,
Fri Nov 22 2019,9:00p,Boston Celtics,92,Denver Nuggets,96,Box Score,,19520,Pepsi Center,
Fri Nov 22 2019,9:00p,Golden State Warriors,109,Utah Jazz,113,Box Score,,18306,Vivint Smart Home Arena,
Fri Nov 22 2019,10:30p,Houston Rockets,119,Los Angeles Clippers,122,Box Score,,19068,STAPLES Center,
Sat Nov 23 2019,5:00p,Phoenix Suns,100,Minnesota Timberwolves,98,Box Score,,17362,Target Center,
Sat Nov 23 2019,7:00p,Chicago Bulls,116,Charlotte Hornets,115,Box Score,,17891,Spectrum Center,
Sat Nov 23 2019,7:00p,Orlando Magic,106,Indiana Pacers,111,Box Score,,16446,Bankers Life Fieldhouse,
Sat Nov 23 2019,7:30p,Toronto Raptors,119,Atlanta Hawks,116,Box Score,,16931,State Farm Arena,
Sat Nov 23 2019,7:30p,San Antonio Spurs,111,New York Knicks,104,Box Score,,19320,Madison Square Garden (IV),
Sat Nov 23 2019,7:30p,Miami Heat,86,Philadelphia 76ers,113,Box Score,,21017,Wells Fargo Center,
Sat Nov 23 2019,8:00p,Portland Trail Blazers,104,Cleveland Cavaliers,110,Box Score,,19432,Rocket Mortgage Fieldhouse,
Sat Nov 23 2019,8:00p,Los Angeles Lakers,109,Memphis Grizzlies,108,Box Score,,17794,FedEx Forum,
Sat Nov 23 2019,8:30p,Detroit Pistons,90,Milwaukee Bucks,104,Box Score,,17585,Fiserv Forum,
Sat Nov 23 2019,9:00p,New Orleans Pelicans,120,Utah Jazz,128,Box Score,,18306,Vivint Smart Home Arena,
Sun Nov 24 2019,3:30p,Dallas Mavericks,137,Houston Rockets,123,Box Score,,18055,Toyota Center,
Sun Nov 24 2019,6:00p,Brooklyn Nets,103,New York Knicks,101,Box Score,,18770,Madison Square Garden (IV),
Sun Nov 24 2019,6:00p,Sacramento Kings,113,Washington Wizards,106,Box Score,,15885,Capital One Arena,
Sun Nov 24 2019,8:00p,Phoenix Suns,104,Denver Nuggets,116,Box Score,,19520,Pepsi Center,
Sun Nov 24 2019,9:00p,New Orleans Pelicans,109,Los Angeles Clippers,134,Box Score,,19068,STAPLES Center,
Mon Nov 25 2019,7:00p,Brooklyn Nets,108,Cleveland Cavaliers,106,Box Score,,17143,Rocket Mortgage Fieldhouse,
Mon Nov 25 2019,7:00p,Orlando Magic,88,Detroit Pistons,103,Box Score,,14695,Little Caesars Arena,
Mon Nov 25 2019,7:00p,Memphis Grizzlies,114,Indiana Pacers,126,Box Score,,15141,Bankers Life Fieldhouse,
Mon Nov 25 2019,7:30p,Minnesota Timberwolves,125,Atlanta Hawks,113,Box Score,,16218,State Farm Arena,
Mon Nov 25 2019,7:30p,Sacramento Kings,102,Boston Celtics,103,Box Score,,19156,TD Garden,
Mon Nov 25 2019,7:30p,Charlotte Hornets,100,Miami Heat,117,Box Score,,19600,AmericanAirlines Arena,
Mon Nov 25 2019,7:30p,Philadelphia 76ers,96,Toronto Raptors,101,Box Score,,19800,Scotiabank Arena,
Mon Nov 25 2019,8:00p,Portland Trail Blazers,117,Chicago Bulls,94,Box Score,,18776,United Center,
Mon Nov 25 2019,8:00p,Utah Jazz,118,Milwaukee Bucks,122,Box Score,,17385,Fiserv Forum,
Mon Nov 25 2019,8:30p,Los Angeles Lakers,114,San Antonio Spurs,104,Box Score,,18498,AT&T Center,
Mon Nov 25 2019,10:30p,Oklahoma City Thunder,100,Golden State Warriors,97,Box Score,,18064,Chase Center,
Tue Nov 26 2019,8:30p,Los Angeles Clippers,114,Dallas Mavericks,99,Box Score,,20407,American Airlines Center,
Tue Nov 26 2019,9:00p,Washington Wizards,104,Denver Nuggets,117,Box Score,,18673,Pepsi Center,
Wed Nov 27 2019,7:00p,Brooklyn Nets,110,Boston Celtics,121,Box Score,,19156,TD Garden,
Wed Nov 27 2019,7:00p,Detroit Pistons,101,Charlotte Hornets,102,Box Score,,15535,Spectrum Center,
Wed Nov 27 2019,7:00p,Orlando Magic,116,Cleveland Cavaliers,104,Box Score,,17712,Rocket Mortgage Fieldhouse,
Wed Nov 27 2019,7:00p,Utah Jazz,102,Indiana Pacers,121,Box Score,,17027,Bankers Life Fieldhouse,
Wed Nov 27 2019,7:00p,Sacramento Kings,91,Philadelphia 76ers,97,Box Score,,20592,Wells Fargo Center,
Wed Nov 27 2019,7:30p,New York Knicks,98,Toronto Raptors,126,Box Score,,19800,Scotiabank Arena,
Wed Nov 27 2019,8:00p,Miami Heat,108,Houston Rockets,117,Box Score,,18055,Toyota Center,
Wed Nov 27 2019,8:00p,Los Angeles Clippers,121,Memphis Grizzlies,119,Box Score,,16721,FedEx Forum,
Wed Nov 27 2019,8:00p,Atlanta Hawks,102,Milwaukee Bucks,111,Box Score,,17525,Fiserv Forum,
Wed Nov 27 2019,8:30p,Minnesota Timberwolves,113,San Antonio Spurs,101,Box Score,,18354,AT&T Center,
Wed Nov 27 2019,9:00p,Washington Wizards,140,Phoenix Suns,132,Box Score,,14123,Talking Stick Resort Arena,
Wed Nov 27 2019,9:30p,Los Angeles Lakers,114,New Orleans Pelicans,110,Box Score,,18626,Smoothie King Center,
Wed Nov 27 2019,10:00p,Oklahoma City Thunder,119,Portland Trail Blazers,136,Box Score,,19870,Moda Center,
Wed Nov 27 2019,10:30p,Chicago Bulls,90,Golden State Warriors,104,Box Score,,18064,Chase Center,
Fri Nov 29 2019,12:00p,Boston Celtics,107,Brooklyn Nets,112,Box Score,,17732,Barclays Center,
Fri Nov 29 2019,7:00p,Charlotte Hornets,110,Detroit Pistons,107,Box Score,,15006,Little Caesars Arena,
Fri Nov 29 2019,7:00p,Toronto Raptors,90,Orlando Magic,83,Box Score,,17014,Amway Center,
Fri Nov 29 2019,7:30p,Milwaukee Bucks,119,Cleveland Cavaliers,110,Box Score,,19432,Rocket Mortgage Fieldhouse,
Fri Nov 29 2019,7:30p,Philadelphia 76ers,101,New York Knicks,95,Box Score,,18109,Madison Square Garden (IV),
Fri Nov 29 2019,8:00p,Atlanta Hawks,104,Indiana Pacers,105,Box Score,OT,15827,Bankers Life Fieldhouse,
Fri Nov 29 2019,8:00p,Utah Jazz,103,Memphis Grizzlies,94,Box Score,,16605,FedEx Forum,
Fri Nov 29 2019,8:00p,Golden State Warriors,105,Miami Heat,122,Box Score,,19600,AmericanAirlines Arena,
Fri Nov 29 2019,8:00p,New Orleans Pelicans,104,Oklahoma City Thunder,109,Box Score,,18203,Chesapeake Energy Arena,
Fri Nov 29 2019,8:30p,Los Angeles Clippers,97,San Antonio Spurs,107,Box Score,,18354,AT&T Center,
Fri Nov 29 2019,9:00p,Dallas Mavericks,120,Phoenix Suns,113,Box Score,,18055,Talking Stick Resort Arena,
Fri Nov 29 2019,10:00p,Chicago Bulls,103,Portland Trail Blazers,107,Box Score,,20139,Moda Center,
Fri Nov 29 2019,10:30p,Washington Wizards,103,Los Angeles Lakers,125,Box Score,,18997,STAPLES Center,
Sat Nov 30 2019,5:00p,Denver Nuggets,97,Sacramento Kings,100,Box Score,OT,17583,Golden 1 Center,
Sat Nov 30 2019,7:00p,Indiana Pacers,116,Philadelphia 76ers,119,Box Score,,20517,Wells Fargo Center,
Sat Nov 30 2019,8:00p,Atlanta Hawks,111,Houston Rockets,158,Box Score,,18055,Toyota Center,
Sat Nov 30 2019,8:00p,Charlotte Hornets,96,Milwaukee Bucks,137,Box Score,,17550,Fiserv Forum,
Sun Dec 1 2019,3:00p,Miami Heat,109,Brooklyn Nets,106,Box Score,,17026,Barclays Center,
Sun Dec 1 2019,3:30p,Memphis Grizzlies,115,Minnesota Timberwolves,107,Box Score,,12276,Target Center,
Sun Dec 1 2019,3:30p,Boston Celtics,113,New York Knicks,104,Box Score,,18005,Madison Square Garden (IV),
Sun Dec 1 2019,4:00p,Dallas Mavericks,114,Los Angeles Lakers,100,Box Score,,18997,STAPLES Center,
Sun Dec 1 2019,5:00p,San Antonio Spurs,98,Detroit Pistons,132,Box Score,,14270,Little Caesars Arena,
Sun Dec 1 2019,5:00p,Oklahoma City Thunder,107,New Orleans Pelicans,104,Box Score,,15427,Smoothie King Center,
Sun Dec 1 2019,6:00p,Golden State Warriors,96,Orlando Magic,100,Box Score,,15052,Amway Center,
Sun Dec 1 2019,6:00p,Utah Jazz,110,Toronto Raptors,130,Box Score,,18132,Scotiabank Arena,
Sun Dec 1 2019,10:30p,Washington Wizards,125,Los Angeles Clippers,150,Box Score,,19068,STAPLES Center,
Mon Dec 2 2019,7:00p,Phoenix Suns,109,Charlotte Hornets,104,Box Score,,11221,Spectrum Center,
Mon Dec 2 2019,7:00p,Utah Jazz,94,Philadelphia 76ers,103,Box Score,,20208,Wells Fargo Center,
Mon Dec 2 2019,7:30p,Golden State Warriors,79,Atlanta Hawks,104,Box Score,,14278,State Farm Arena,
Mon Dec 2 2019,8:00p,Indiana Pacers,117,Memphis Grizzlies,104,Box Score,,11919,FedEx Forum,
Mon Dec 2 2019,8:00p,New York Knicks,88,Milwaukee Bucks,132,Box Score,,17385,Fiserv Forum,
Mon Dec 2 2019,10:00p,Chicago Bulls,113,Sacramento Kings,106,Box Score,,17257,Golden 1 Center,
Tue Dec 3 2019,7:00p,Detroit Pistons,127,Cleveland Cavaliers,94,Box Score,,17504,Rocket Mortgage Fieldhouse,
Tue Dec 3 2019,7:00p,Orlando Magic,127,Washington Wizards,120,Box Score,,13159,Capital One Arena,
Tue Dec 3 2019,7:30p,Dallas Mavericks,118,New Orleans Pelicans,97,Box Score,,14664,Smoothie King Center,
Tue Dec 3 2019,7:30p,Miami Heat,121,Toronto Raptors,110,Box Score,OT,19800,Scotiabank Arena,
Tue Dec 3 2019,8:30p,Houston Rockets,133,San Antonio Spurs,135,Box Score,2OT,18354,AT&T Center,
Tue Dec 3 2019,9:00p,Los Angeles Lakers,105,Denver Nuggets,96,Box Score,,19658,Pepsi Center,
Tue Dec 3 2019,10:00p,Portland Trail Blazers,97,Los Angeles Clippers,117,Box Score,,19068,STAPLES Center,
Wed Dec 4 2019,7:00p,Golden State Warriors,91,Charlotte Hornets,106,Box Score,,14355,Spectrum Center,
Wed Dec 4 2019,7:00p,Milwaukee Bucks,127,Detroit Pistons,103,Box Score,,15742,Little Caesars Arena,
Wed Dec 4 2019,7:00p,Phoenix Suns,114,Orlando Magic,128,Box Score,,15176,Amway Center,
Wed Dec 4 2019,7:30p,Brooklyn Nets,130,Atlanta Hawks,118,Box Score,,15694,State Farm Arena,
Wed Dec 4 2019,7:30p,Miami Heat,93,Boston Celtics,112,Box Score,,19156,TD Garden,
Wed Dec 4 2019,8:00p,Memphis Grizzlies,99,Chicago Bulls,106,Box Score,,15017,United Center,
Wed Dec 4 2019,8:00p,Indiana Pacers,107,Oklahoma City Thunder,100,Box Score,,18203,Chesapeake Energy Arena,
Wed Dec 4 2019,8:30p,Minnesota Timberwolves,114,Dallas Mavericks,121,Box Score,,19671,American Airlines Center,
Wed Dec 4 2019,9:00p,Los Angeles Lakers,121,Utah Jazz,96,Box Score,,18306,Vivint Smart Home Arena,
Wed Dec 4 2019,10:00p,Sacramento Kings,116,Portland Trail Blazers,127,Box Score,,19393,Moda Center,
Thu Dec 5 2019,7:00p,Philadelphia 76ers,113,Washington Wizards,119,Box Score,,16554,Capital One Arena,
Thu Dec 5 2019,7:30p,Denver Nuggets,129,New York Knicks,92,Box Score,,18171,Madison Square Garden (IV),
Thu Dec 5 2019,7:30p,Houston Rockets,119,Toronto Raptors,109,Box Score,,19800,Scotiabank Arena,
Thu Dec 5 2019,8:00p,Phoenix Suns,139,New Orleans Pelicans,132,Box Score,OT,15607,Smoothie King Center,
Fri Dec 6 2019,7:00p,Brooklyn Nets,111,Charlotte Hornets,104,Box Score,,15075,Spectrum Center,
Fri Dec 6 2019,7:00p,Orlando Magic,93,Cleveland Cavaliers,87,Box Score,,18446,Rocket Mortgage Fieldhouse,
Fri Dec 6 2019,7:00p,Indiana Pacers,101,Detroit Pistons,108,Box Score,,14894,Little Caesars Arena,
Fri Dec 6 2019,8:00p,Denver Nuggets,95,Boston Celtics,108,Box Score,,19156,TD Garden,
Fri Dec 6 2019,8:00p,Golden State Warriors,100,Chicago Bulls,98,Box Score,,18841,United Center,
Fri Dec 6 2019,8:00p,Washington Wizards,103,Miami Heat,112,Box Score,,19600,AmericanAirlines Arena,
Fri Dec 6 2019,8:00p,Minnesota Timberwolves,127,Oklahoma City Thunder,139,Box Score,OT,18203,Chesapeake Energy Arena,
Fri Dec 6 2019,8:30p,Los Angeles Clippers,91,Milwaukee Bucks,119,Box Score,,17732,Fiserv Forum,
Fri Dec 6 2019,8:30p,Sacramento Kings,104,San Antonio Spurs,105,Box Score,OT,18354,AT&T Center,
Fri Dec 6 2019,10:30p,Los Angeles Lakers,136,Portland Trail Blazers,113,Box Score,,19912,Moda Center,
Sat Dec 7 2019,2:00p,New Orleans Pelicans,84,Dallas Mavericks,130,Box Score,,19456,American Airlines Center,
Sat Dec 7 2019,7:30p,Indiana Pacers,104,New York Knicks,103,Box Score,,19110,Madison Square Garden (IV),
Sat Dec 7 2019,7:30p,Cleveland Cavaliers,94,Philadelphia 76ers,141,Box Score,,20844,Wells Fargo Center,
Sat Dec 7 2019,8:00p,Phoenix Suns,109,Houston Rockets,115,Box Score,,18055,Toyota Center,
Sat Dec 7 2019,10:00p,Memphis Grizzlies,112,Utah Jazz,126,Box Score,,18306,Vivint Smart Home Arena,
Sun Dec 8 2019,3:00p,Denver Nuggets,102,Brooklyn Nets,105,Box Score,,16679,Barclays Center,
Sun Dec 8 2019,5:00p,Atlanta Hawks,122,Charlotte Hornets,107,Box Score,,15489,Spectrum Center,
Sun Dec 8 2019,6:00p,Chicago Bulls,105,Miami Heat,110,Box Score,OT,19600,AmericanAirlines Arena,
Sun Dec 8 2019,6:00p,Toronto Raptors,104,Philadelphia 76ers,110,Box Score,,20313,Wells Fargo Center,
Sun Dec 8 2019,6:00p,Los Angeles Clippers,135,Washington Wizards,119,Box Score,,15946,Capital One Arena,
Sun Dec 8 2019,7:00p,Sacramento Kings,110,Dallas Mavericks,106,Box Score,,19566,American Airlines Center,
Sun Dec 8 2019,9:00p,Oklahoma City Thunder,108,Portland Trail Blazers,96,Box Score,,19393,Moda Center,
Sun Dec 8 2019,9:30p,Minnesota Timberwolves,125,Los Angeles Lakers,142,Box Score,,18997,STAPLES Center,
Mon Dec 9 2019,7:00p,Los Angeles Clippers,110,Indiana Pacers,99,Box Score,,14644,Bankers Life Fieldhouse,
Mon Dec 9 2019,7:30p,Cleveland Cavaliers,88,Boston Celtics,110,Box Score,,19156,TD Garden,
Mon Dec 9 2019,8:00p,Toronto Raptors,93,Chicago Bulls,92,Box Score,,14775,United Center,
Mon Dec 9 2019,8:00p,Sacramento Kings,119,Houston Rockets,118,Box Score,,18055,Toyota Center,
Mon Dec 9 2019,8:00p,Orlando Magic,101,Milwaukee Bucks,110,Box Score,,17385,Fiserv Forum,
Mon Dec 9 2019,8:00p,Detroit Pistons,105,New Orleans Pelicans,103,Box Score,,13694,Smoothie King Center,
Mon Dec 9 2019,9:00p,Minnesota Timberwolves,109,Phoenix Suns,125,Box Score,,13230,Talking Stick Resort Arena,
Mon Dec 9 2019,9:00p,Oklahoma City Thunder,104,Utah Jazz,90,Box Score,,18306,Vivint Smart Home Arena,
Mon Dec 9 2019,10:30p,Memphis Grizzlies,110,Golden State Warriors,102,Box Score,,18064,Chase Center,
Tue Dec 10 2019,7:00p,Washington Wizards,107,Charlotte Hornets,114,Box Score,,10626,Spectrum Center,
Tue Dec 10 2019,8:00p,Atlanta Hawks,121,Miami Heat,135,Box Score,OT,19600,AmericanAirlines Arena,
Tue Dec 10 2019,8:00p,Denver Nuggets,92,Philadelphia 76ers,97,Box Score,,20591,Wells Fargo Center,
Tue Dec 10 2019,10:00p,New York Knicks,87,Portland Trail Blazers,115,Box Score,,19393,Moda Center,
Wed Dec 11 2019,7:00p,Houston Rockets,116,Cleveland Cavaliers,110,Box Score,,17122,Rocket Mortgage Fieldhouse,
Wed Dec 11 2019,7:00p,Boston Celtics,117,Indiana Pacers,122,Box Score,,15637,Bankers Life Fieldhouse,
Wed Dec 11 2019,7:00p,Los Angeles Lakers,96,Orlando Magic,87,Box Score,,18846,Amway Center,
Wed Dec 11 2019,7:00p,Los Angeles Clippers,112,Toronto Raptors,92,Box Score,,20144,Scotiabank Arena,
Wed Dec 11 2019,7:30p,Charlotte Hornets,113,Brooklyn Nets,108,Box Score,,15631,Barclays Center,
Wed Dec 11 2019,8:00p,Atlanta Hawks,102,Chicago Bulls,136,Box Score,,15084,United Center,
Wed Dec 11 2019,8:00p,Utah Jazz,127,Minnesota Timberwolves,116,Box Score,,12369,Target Center,
Wed Dec 11 2019,9:00p,Memphis Grizzlies,115,Phoenix Suns,108,Box Score,,12254,Talking Stick Resort Arena,
Wed Dec 11 2019,9:30p,New Orleans Pelicans,112,Milwaukee Bucks,127,Box Score,,17385,Fiserv Forum,
Wed Dec 11 2019,10:00p,Oklahoma City Thunder,93,Sacramento Kings,94,Box Score,,16723,Golden 1 Center,
Wed Dec 11 2019,10:30p,New York Knicks,124,Golden State Warriors,122,Box Score,OT,18064,Chase Center,
Thu Dec 12 2019,8:00p,Philadelphia 76ers,115,Boston Celtics,109,Box Score,,19156,TD Garden,
Thu Dec 12 2019,8:30p,Cleveland Cavaliers,117,San Antonio Spurs,109,Box Score,OT,18354,AT&T Center,
Thu Dec 12 2019,9:00p,Dallas Mavericks,122,Detroit Pistons,111,Box Score,,20064,Mexico City Arena,at Mexico City Mexico
Thu Dec 12 2019,10:30p,Portland Trail Blazers,99,Denver Nuggets,114,Box Score,,18828,Pepsi Center,
Fri Dec 13 2019,7:00p,Los Angeles Lakers,113,Miami Heat,110,Box Score,,20013,AmericanAirlines Arena,
Fri Dec 13 2019,7:00p,Houston Rockets,130,Orlando Magic,107,Box Score,,16335,Amway Center,
Fri Dec 13 2019,7:00p,New Orleans Pelicans,109,Philadelphia 76ers,116,Box Score,,20620,Wells Fargo Center,
Fri Dec 13 2019,7:30p,Indiana Pacers,110,Atlanta Hawks,100,Box Score,,15121,State Farm Arena,
Fri Dec 13 2019,8:00p,Charlotte Hornets,83,Chicago Bulls,73,Box Score,,18377,United Center,
Fri Dec 13 2019,8:00p,Milwaukee Bucks,127,Memphis Grizzlies,114,Box Score,,16109,FedEx Forum,
Fri Dec 13 2019,9:00p,Golden State Warriors,106,Utah Jazz,114,Box Score,,18306,Vivint Smart Home Arena,
Fri Dec 13 2019,9:30p,Los Angeles Clippers,124,Minnesota Timberwolves,117,Box Score,,17585,Target Center,
Fri Dec 13 2019,10:00p,New York Knicks,103,Sacramento Kings,101,Box Score,,17583,Golden 1 Center,
Sat Dec 14 2019,5:00p,San Antonio Spurs,121,Phoenix Suns,119,Box Score,OT,20013,Mexico City Arena,at Mexico City Mexico
Sat Dec 14 2019,7:30p,Brooklyn Nets,102,Toronto Raptors,110,Box Score,,19800,Scotiabank Arena,
Sat Dec 14 2019,8:00p,Los Angeles Clippers,106,Chicago Bulls,109,Box Score,,18426,United Center,
Sat Dec 14 2019,8:00p,Washington Wizards,111,Memphis Grizzlies,128,Box Score,,15631,FedEx Forum,
Sat Dec 14 2019,8:30p,Miami Heat,122,Dallas Mavericks,118,Box Score,OT,20333,American Airlines Center,
Sat Dec 14 2019,8:30p,Cleveland Cavaliers,108,Milwaukee Bucks,125,Box Score,,17481,Fiserv Forum,
Sat Dec 14 2019,9:00p,Oklahoma City Thunder,102,Denver Nuggets,110,Box Score,,19520,Pepsi Center,
Sat Dec 14 2019,9:00p,Detroit Pistons,115,Houston Rockets,107,Box Score,,18055,Toyota Center,
Sun Dec 15 2019,3:30p,Orlando Magic,130,New Orleans Pelicans,119,Box Score,,15388,Smoothie King Center,
Sun Dec 15 2019,5:00p,Charlotte Hornets,85,Indiana Pacers,107,Box Score,,16061,Bankers Life Fieldhouse,
Sun Dec 15 2019,6:00p,Los Angeles Lakers,101,Atlanta Hawks,96,Box Score,,16962,State Farm Arena,
Sun Dec 15 2019,6:00p,Philadelphia 76ers,89,Brooklyn Nets,109,Box Score,,17732,Barclays Center,
Sun Dec 15 2019,8:00p,New York Knicks,105,Denver Nuggets,111,Box Score,,18867,Pepsi Center,
Sun Dec 15 2019,8:30p,Sacramento Kings,100,Golden State Warriors,79,Box Score,,18064,Chase Center,
Mon Dec 16 2019,7:00p,Washington Wizards,133,Detroit Pistons,119,Box Score,,14632,Little Caesars Arena,
Mon Dec 16 2019,7:30p,Cleveland Cavaliers,113,Toronto Raptors,133,Box Score,,19800,Scotiabank Arena,
Mon Dec 16 2019,8:00p,San Antonio Spurs,107,Houston Rockets,109,Box Score,,18055,Toyota Center,
Mon Dec 16 2019,8:00p,Miami Heat,111,Memphis Grizzlies,118,Box Score,,14021,FedEx Forum,
Mon Dec 16 2019,8:00p,Dallas Mavericks,120,Milwaukee Bucks,116,Box Score,,17727,Fiserv Forum,
Mon Dec 16 2019,8:00p,Chicago Bulls,106,Oklahoma City Thunder,109,Box Score,,18203,Chesapeake Energy Arena,
Mon Dec 16 2019,9:00p,Portland Trail Blazers,111,Phoenix Suns,110,Box Score,,14193,Talking Stick Resort Arena,
Tue Dec 17 2019,7:00p,Sacramento Kings,102,Charlotte Hornets,110,Box Score,,13229,Spectrum Center,
Tue Dec 17 2019,7:00p,Los Angeles Lakers,102,Indiana Pacers,105,Box Score,,17923,Bankers Life Fieldhouse,
Tue Dec 17 2019,7:30p,Atlanta Hawks,120,New York Knicks,143,Box Score,,18268,Madison Square Garden (IV),
Tue Dec 17 2019,8:00p,Brooklyn Nets,108,New Orleans Pelicans,101,Box Score,OT,15177,Smoothie King Center,
Tue Dec 17 2019,9:00p,Orlando Magic,102,Utah Jazz,109,Box Score,,18306,Vivint Smart Home Arena,
Tue Dec 17 2019,10:30p,Phoenix Suns,99,Los Angeles Clippers,120,Box Score,,19068,STAPLES Center,
Wed Dec 18 2019,7:00p,Charlotte Hornets,98,Cleveland Cavaliers,100,Box Score,,17023,Rocket Mortgage Fieldhouse,
Wed Dec 18 2019,7:00p,Toronto Raptors,112,Detroit Pistons,99,Box Score,,15319,Little Caesars Arena,
Wed Dec 18 2019,7:00p,Miami Heat,108,Philadelphia 76ers,104,Box Score,,20715,Wells Fargo Center,
Wed Dec 18 2019,7:00p,Chicago Bulls,110,Washington Wizards,109,Box Score,OT,14987,Capital One Arena,
Wed Dec 18 2019,8:00p,New Orleans Pelicans,107,Minnesota Timberwolves,99,Box Score,,12490,Target Center,
Wed Dec 18 2019,8:00p,Memphis Grizzlies,122,Oklahoma City Thunder,126,Box Score,,18203,Chesapeake Energy Arena,
Wed Dec 18 2019,9:00p,Orlando Magic,104,Denver Nuggets,113,Box Score,,18182,Pepsi Center,
Wed Dec 18 2019,9:30p,Boston Celtics,109,Dallas Mavericks,103,Box Score,,20181,American Airlines Center,
Wed Dec 18 2019,10:00p,Golden State Warriors,112,Portland Trail Blazers,122,Box Score,,19393,Moda Center,
Thu Dec 19 2019,7:30p,Utah Jazz,111,Atlanta Hawks,106,Box Score,,16739,State Farm Arena,
Thu Dec 19 2019,8:00p,Los Angeles Lakers,104,Milwaukee Bucks,111,Box Score,,18051,Fiserv Forum,
Thu Dec 19 2019,8:30p,Brooklyn Nets,105,San Antonio Spurs,118,Box Score,,18354,AT&T Center,
Thu Dec 19 2019,10:30p,Houston Rockets,122,Los Angeles Clippers,117,Box Score,,19068,STAPLES Center,
Fri Dec 20 2019,7:00p,Memphis Grizzlies,107,Cleveland Cavaliers,114,Box Score,,19432,Rocket Mortgage Fieldhouse,
Fri Dec 20 2019,7:00p,Sacramento Kings,105,Indiana Pacers,119,Box Score,,14649,Bankers Life Fieldhouse,
Fri Dec 20 2019,7:30p,Detroit Pistons,93,Boston Celtics,114,Box Score,,19156,TD Garden,
Fri Dec 20 2019,7:30p,Washington Wizards,118,Toronto Raptors,122,Box Score,,19800,Scotiabank Arena,
Fri Dec 20 2019,8:00p,New York Knicks,114,Miami Heat,129,Box Score,,19704,AmericanAirlines Arena,
Fri Dec 20 2019,8:00p,Phoenix Suns,108,Oklahoma City Thunder,126,Box Score,,18203,Chesapeake Energy Arena,
Fri Dec 20 2019,8:00p,Dallas Mavericks,117,Philadelphia 76ers,98,Box Score,,20778,Wells Fargo Center,
Fri Dec 20 2019,9:00p,Minnesota Timberwolves,100,Denver Nuggets,109,Box Score,,19520,Pepsi Center,
Fri Dec 20 2019,10:00p,Orlando Magic,103,Portland Trail Blazers,118,Box Score,,19393,Moda Center,
Fri Dec 20 2019,10:30p,New Orleans Pelicans,102,Golden State Warriors,106,Box Score,,18064,Chase Center,
Sat Dec 21 2019,5:00p,Utah Jazz,114,Charlotte Hornets,107,Box Score,,16187,Spectrum Center,
Sat Dec 21 2019,6:00p,Atlanta Hawks,112,Brooklyn Nets,122,Box Score,,16496,Barclays Center,
Sat Dec 21 2019,7:00p,Chicago Bulls,119,Detroit Pistons,107,Box Score,,15948,Little Caesars Arena,
Sat Dec 21 2019,7:00p,Washington Wizards,108,Philadelphia 76ers,125,Box Score,,20529,Wells Fargo Center,
Sat Dec 21 2019,7:30p,Milwaukee Bucks,123,New York Knicks,102,Box Score,,18124,Madison Square Garden (IV),
Sat Dec 21 2019,8:00p,Sacramento Kings,115,Memphis Grizzlies,119,Box Score,,15603,FedEx Forum,
Sat Dec 21 2019,8:30p,Los Angeles Clippers,134,San Antonio Spurs,109,Box Score,,18354,AT&T Center,
Sat Dec 21 2019,9:00p,Houston Rockets,139,Phoenix Suns,125,Box Score,,16061,Talking Stick Resort Arena,
Sat Dec 21 2019,10:00p,Minnesota Timberwolves,106,Portland Trail Blazers,113,Box Score,,19393,Moda Center,
Sun Dec 22 2019,3:30p,Dallas Mavericks,107,Toronto Raptors,110,Box Score,,19800,Scotiabank Arena,
Sun Dec 22 2019,6:00p,Charlotte Hornets,93,Boston Celtics,119,Box Score,,19156,TD Garden,
Sun Dec 22 2019,7:00p,Indiana Pacers,89,Milwaukee Bucks,117,Box Score,,18029,Fiserv Forum,
Sun Dec 22 2019,7:00p,Los Angeles Clippers,112,Oklahoma City Thunder,118,Box Score,,18203,Chesapeake Energy Arena,
Sun Dec 22 2019,9:30p,Denver Nuggets,128,Los Angeles Lakers,104,Box Score,,18997,STAPLES Center,
Mon Dec 23 2019,7:00p,Atlanta Hawks,118,Cleveland Cavaliers,121,Box Score,,18007,Rocket Mortgage Fieldhouse,
Mon Dec 23 2019,7:00p,Philadelphia 76ers,125,Detroit Pistons,109,Box Score,,16476,Little Caesars Arena,
Mon Dec 23 2019,7:00p,Toronto Raptors,115,Indiana Pacers,120,Box Score,OT,17164,Bankers Life Fieldhouse,
Mon Dec 23 2019,7:00p,Washington Wizards,121,New York Knicks,115,Box Score,,19413,Madison Square Garden (IV),
Mon Dec 23 2019,7:00p,Chicago Bulls,95,Orlando Magic,103,Box Score,,18846,Amway Center,
Mon Dec 23 2019,7:30p,Utah Jazz,104,Miami Heat,107,Box Score,,19890,AmericanAirlines Arena,
Mon Dec 23 2019,8:00p,San Antonio Spurs,145,Memphis Grizzlies,115,Box Score,,16776,FedEx Forum,
Mon Dec 23 2019,9:00p,Denver Nuggets,113,Phoenix Suns,111,Box Score,,16041,Talking Stick Resort Arena,
Mon Dec 23 2019,10:00p,New Orleans Pelicans,102,Portland Trail Blazers,94,Box Score,,19499,Moda Center,
Mon Dec 23 2019,10:00p,Houston Rockets,113,Sacramento Kings,104,Box Score,,17583,Golden 1 Center,
Mon Dec 23 2019,10:30p,Minnesota Timberwolves,104,Golden State Warriors,113,Box Score,,18064,Chase Center,
Wed Dec 25 2019,12:00p,Boston Celtics,118,Toronto Raptors,102,Box Score,,19800,Scotiabank Arena,
Wed Dec 25 2019,2:30p,Milwaukee Bucks,109,Philadelphia 76ers,121,Box Score,,21028,Wells Fargo Center,
Wed Dec 25 2019,5:00p,Houston Rockets,104,Golden State Warriors,116,Box Score,,18064,Chase Center,
Wed Dec 25 2019,8:00p,Los Angeles Clippers,111,Los Angeles Lakers,106,Box Score,,18997,STAPLES Center,
Wed Dec 25 2019,10:30p,New Orleans Pelicans,112,Denver Nuggets,100,Box Score,,19520,Pepsi Center,
Thu Dec 26 2019,7:00p,Washington Wizards,102,Detroit Pistons,132,Box Score,,17188,Little Caesars Arena,
Thu Dec 26 2019,7:30p,New York Knicks,94,Brooklyn Nets,82,Box Score,,17732,Barclays Center,
Thu Dec 26 2019,8:00p,San Antonio Spurs,98,Dallas Mavericks,102,Box Score,,20427,American Airlines Center,
Thu Dec 26 2019,8:00p,Memphis Grizzlies,110,Oklahoma City Thunder,97,Box Score,,18203,Chesapeake Energy Arena,
Thu Dec 26 2019,10:00p,Minnesota Timberwolves,105,Sacramento Kings,104,Box Score,2OT,17583,Golden 1 Center,
Thu Dec 26 2019,10:30p,Portland Trail Blazers,115,Utah Jazz,121,Box Score,,18306,Vivint Smart Home Arena,
Fri Dec 27 2019,4:00p,Cleveland Cavaliers,117,Boston Celtics,129,Box Score,,19156,TD Garden,
Fri Dec 27 2019,7:00p,Oklahoma City Thunder,104,Charlotte Hornets,102,Box Score,OT,18418,Spectrum Center,
Fri Dec 27 2019,7:00p,Philadelphia 76ers,97,Orlando Magic,98,Box Score,,17311,Amway Center,
Fri Dec 27 2019,7:30p,Milwaukee Bucks,112,Atlanta Hawks,86,Box Score,,17358,State Farm Arena,
Fri Dec 27 2019,8:00p,Indiana Pacers,112,Miami Heat,113,Box Score,,19767,AmericanAirlines Arena,
Fri Dec 27 2019,10:30p,Phoenix Suns,96,Golden State Warriors,105,Box Score,,18064,Chase Center,
Sat Dec 28 2019,5:00p,Memphis Grizzlies,110,Denver Nuggets,119,Box Score,,19697,Pepsi Center,
Sat Dec 28 2019,7:00p,Toronto Raptors,113,Boston Celtics,97,Box Score,,19156,TD Garden,
Sat Dec 28 2019,7:00p,Indiana Pacers,98,New Orleans Pelicans,120,Box Score,,15391,Smoothie King Center,
Sat Dec 28 2019,8:00p,Atlanta Hawks,81,Chicago Bulls,116,Box Score,,21496,United Center,
Sat Dec 28 2019,8:00p,Brooklyn Nets,98,Houston Rockets,108,Box Score,,18306,Toyota Center,
Sat Dec 28 2019,8:00p,Philadelphia 76ers,116,Miami Heat,117,Box Score,OT,19865,AmericanAirlines Arena,
Sat Dec 28 2019,8:00p,Cleveland Cavaliers,94,Minnesota Timberwolves,88,Box Score,,15411,Target Center,
Sat Dec 28 2019,8:00p,New York Knicks,107,Washington Wizards,100,Box Score,,19033,Capital One Arena,
Sat Dec 28 2019,8:30p,Dallas Mavericks,141,Golden State Warriors,121,Box Score,,18064,Chase Center,
Sat Dec 28 2019,8:30p,Orlando Magic,100,Milwaukee Bucks,111,Box Score,,17920,Fiserv Forum,
Sat Dec 28 2019,8:30p,Detroit Pistons,109,San Antonio Spurs,136,Box Score,,18524,AT&T Center,
Sat Dec 28 2019,9:00p,Phoenix Suns,112,Sacramento Kings,110,Box Score,,17583,Golden 1 Center,
Sat Dec 28 2019,10:00p,Los Angeles Lakers,128,Portland Trail Blazers,120,Box Score,,19960,Moda Center,
Sat Dec 28 2019,10:30p,Utah Jazz,120,Los Angeles Clippers,107,Box Score,,19068,STAPLES Center,
Sun Dec 29 2019,6:00p,Oklahoma City Thunder,98,Toronto Raptors,97,Box Score,,19800,Scotiabank Arena,
Sun Dec 29 2019,8:00p,Sacramento Kings,115,Denver Nuggets,120,Box Score,,19520,Pepsi Center,
Sun Dec 29 2019,8:00p,Charlotte Hornets,104,Memphis Grizzlies,117,Box Score,,16842,FedEx Forum,
Sun Dec 29 2019,8:00p,Houston Rockets,112,New Orleans Pelicans,127,Box Score,,17712,Smoothie King Center,
Sun Dec 29 2019,9:30p,Dallas Mavericks,95,Los Angeles Lakers,108,Box Score,,18997,STAPLES Center,
Mon Dec 30 2019,7:00p,Atlanta Hawks,101,Orlando Magic,93,Box Score,,17784,Amway Center,
Mon Dec 30 2019,7:00p,Miami Heat,105,Washington Wizards,123,Box Score,,20476,Capital One Arena,
Mon Dec 30 2019,8:00p,Milwaukee Bucks,123,Chicago Bulls,102,Box Score,,21954,United Center,
Mon Dec 30 2019,8:00p,Brooklyn Nets,115,Minnesota Timberwolves,122,Box Score,OT,15824,Target Center,
Mon Dec 30 2019,9:00p,Detroit Pistons,81,Utah Jazz,104,Box Score,,18306,Vivint Smart Home Arena,
Mon Dec 30 2019,10:00p,Phoenix Suns,122,Portland Trail Blazers,116,Box Score,,19896,Moda Center,
Tue Dec 31 2019,3:00p,Boston Celtics,109,Charlotte Hornets,92,Box Score,,19216,Spectrum Center,
Tue Dec 31 2019,3:00p,Philadelphia 76ers,97,Indiana Pacers,115,Box Score,,17923,Bankers Life Fieldhouse,
Tue Dec 31 2019,5:00p,Los Angeles Clippers,105,Sacramento Kings,87,Box Score,,16231,Golden 1 Center,
Tue Dec 31 2019,7:00p,Denver Nuggets,104,Houston Rockets,130,Box Score,,18055,Toyota Center,
Tue Dec 31 2019,7:00p,Golden State Warriors,113,San Antonio Spurs,117,Box Score,OT,18354,AT&T Center,
Tue Dec 31 2019,7:00p,Cleveland Cavaliers,97,Toronto Raptors,117,Box Score,,19800,Scotiabank Arena,
Tue Dec 31 2019,8:00p,Dallas Mavericks,101,Oklahoma City Thunder,106,Box Score,,18203,Chesapeake Energy Arena,
Wed Jan 1 2020,6:00p,Orlando Magic,122,Washington Wizards,101,Box Score,,14921,Capital One Arena,
Wed Jan 1 2020,7:30p,Portland Trail Blazers,93,New York Knicks,117,Box Score,,19812,Madison Square Garden (IV),
Wed Jan 1 2020,8:00p,Minnesota Timberwolves,104,Milwaukee Bucks,106,Box Score,,17819,Fiserv Forum,
Wed Jan 1 2020,10:30p,Phoenix Suns,107,Los Angeles Lakers,117,Box Score,,18997,STAPLES Center,
Thu Jan 2 2020,7:00p,Charlotte Hornets,109,Cleveland Cavaliers,106,Box Score,,17859,Rocket Mortgage Fieldhouse,
Thu Jan 2 2020,7:00p,Denver Nuggets,124,Indiana Pacers,116,Box Score,,16688,Bankers Life Fieldhouse,
Thu Jan 2 2020,7:30p,Toronto Raptors,76,Miami Heat,84,Box Score,,19939,AmericanAirlines Arena,
Thu Jan 2 2020,8:00p,Utah Jazz,102,Chicago Bulls,98,Box Score,,19398,United Center,
Thu Jan 2 2020,8:00p,Golden State Warriors,84,Minnesota Timberwolves,99,Box Score,,15477,Target Center,
Thu Jan 2 2020,8:30p,Brooklyn Nets,111,Dallas Mavericks,123,Box Score,,20289,American Airlines Center,
Thu Jan 2 2020,8:30p,Oklahoma City Thunder,109,San Antonio Spurs,103,Box Score,,18354,AT&T Center,
Thu Jan 2 2020,10:00p,Memphis Grizzlies,123,Sacramento Kings,128,Box Score,,17351,Golden 1 Center,
Thu Jan 2 2020,10:30p,Detroit Pistons,112,Los Angeles Clippers,126,Box Score,,19068,STAPLES Center,
Fri Jan 3 2020,7:00p,Atlanta Hawks,106,Boston Celtics,109,Box Score,,19156,TD Garden,
Fri Jan 3 2020,7:00p,Miami Heat,85,Orlando Magic,105,Box Score,,17198,Amway Center,
Fri Jan 3 2020,7:00p,Portland Trail Blazers,122,Washington Wizards,103,Box Score,,17945,Capital One Arena,
Fri Jan 3 2020,8:00p,Philadelphia 76ers,108,Houston Rockets,118,Box Score,,18055,Toyota Center,
Fri Jan 3 2020,9:00p,New York Knicks,112,Phoenix Suns,120,Box Score,,18055,Talking Stick Resort Arena,
Fri Jan 3 2020,10:30p,New Orleans Pelicans,113,Los Angeles Lakers,123,Box Score,,18997,STAPLES Center,
Sat Jan 4 2020,3:30p,Memphis Grizzlies,140,Los Angeles Clippers,114,Box Score,,19068,STAPLES Center,
Sat Jan 4 2020,6:00p,Toronto Raptors,121,Brooklyn Nets,102,Box Score,,17732,Barclays Center,
Sat Jan 4 2020,7:00p,Utah Jazz,109,Orlando Magic,96,Box Score,,16913,Amway Center,
Sat Jan 4 2020,7:30p,Indiana Pacers,111,Atlanta Hawks,116,Box Score,,16420,State Farm Arena,
Sat Jan 4 2020,7:30p,Oklahoma City Thunder,121,Cleveland Cavaliers,106,Box Score,,19432,Rocket Mortgage Fieldhouse,
Sat Jan 4 2020,8:00p,Boston Celtics,111,Chicago Bulls,104,Box Score,,21130,United Center,
Sat Jan 4 2020,8:00p,Denver Nuggets,114,Washington Wizards,128,Box Score,,16233,Capital One Arena,
Sat Jan 4 2020,8:30p,Charlotte Hornets,123,Dallas Mavericks,120,Box Score,OT,20327,American Airlines Center,
Sat Jan 4 2020,8:30p,Detroit Pistons,111,Golden State Warriors,104,Box Score,,18064,Chase Center,
Sat Jan 4 2020,8:30p,San Antonio Spurs,118,Milwaukee Bucks,127,Box Score,,18002,Fiserv Forum,
Sat Jan 4 2020,10:00p,New Orleans Pelicans,117,Sacramento Kings,115,Box Score,,16808,Golden 1 Center,
Sun Jan 5 2020,3:30p,New York Knicks,132,Los Angeles Clippers,135,Box Score,,19068,STAPLES Center,
Sun Jan 5 2020,6:00p,Portland Trail Blazers,111,Miami Heat,122,Box Score,,19846,AmericanAirlines Arena,
Sun Jan 5 2020,7:30p,Minnesota Timberwolves,118,Cleveland Cavaliers,103,Box Score,,16159,Rocket Mortgage Fieldhouse,
Sun Jan 5 2020,8:00p,Memphis Grizzlies,121,Phoenix Suns,114,Box Score,,14181,Talking Stick Resort Arena,
Sun Jan 5 2020,10:00p,Detroit Pistons,99,Los Angeles Lakers,106,Box Score,,18997,STAPLES Center,
Mon Jan 6 2020,7:00p,Indiana Pacers,115,Charlotte Hornets,104,Box Score,,13009,Spectrum Center,
Mon Jan 6 2020,7:00p,Brooklyn Nets,89,Orlando Magic,101,Box Score,,15008,Amway Center,
Mon Jan 6 2020,7:00p,Oklahoma City Thunder,113,Philadelphia 76ers,120,Box Score,,20561,Wells Fargo Center,
Mon Jan 6 2020,7:00p,Boston Celtics,94,Washington Wizards,99,Box Score,,17963,Capital One Arena,
Mon Jan 6 2020,7:30p,Denver Nuggets,123,Atlanta Hawks,115,Box Score,,15286,State Farm Arena,
Mon Jan 6 2020,8:00p,Utah Jazz,128,New Orleans Pelicans,126,Box Score,,14138,Smoothie King Center,
Mon Jan 6 2020,8:30p,Chicago Bulls,110,Dallas Mavericks,118,Box Score,,20238,American Airlines Center,
Mon Jan 6 2020,8:30p,Milwaukee Bucks,104,San Antonio Spurs,126,Box Score,,18354,AT&T Center,
Mon Jan 6 2020,10:00p,Golden State Warriors,98,Sacramento Kings,111,Box Score,,15819,Golden 1 Center,
Tue Jan 7 2020,7:00p,Detroit Pistons,115,Cleveland Cavaliers,113,Box Score,,17274,Rocket Mortgage Fieldhouse,
Tue Jan 7 2020,7:00p,Portland Trail Blazers,101,Toronto Raptors,99,Box Score,,19800,Scotiabank Arena,
Tue Jan 7 2020,7:30p,Oklahoma City Thunder,111,Brooklyn Nets,103,Box Score,OT,15677,Barclays Center,
Tue Jan 7 2020,8:00p,Minnesota Timberwolves,112,Memphis Grizzlies,119,Box Score,,14117,FedEx Forum,
Tue Jan 7 2020,9:00p,Sacramento Kings,114,Phoenix Suns,103,Box Score,,14134,Talking Stick Resort Arena,
Tue Jan 7 2020,10:30p,New York Knicks,87,Los Angeles Lakers,117,Box Score,,18997,STAPLES Center,
Wed Jan 8 2020,7:00p,San Antonio Spurs,129,Boston Celtics,114,Box Score,,19156,TD Garden,
Wed Jan 8 2020,7:00p,Toronto Raptors,112,Charlotte Hornets,110,Box Score,OT,13965,Spectrum Center,
Wed Jan 8 2020,7:00p,Miami Heat,122,Indiana Pacers,108,Box Score,,17040,Bankers Life Fieldhouse,
Wed Jan 8 2020,7:00p,Washington Wizards,89,Orlando Magic,123,Box Score,,16013,Amway Center,
Wed Jan 8 2020,7:30p,Houston Rockets,122,Atlanta Hawks,115,Box Score,,16514,State Farm Arena,
Wed Jan 8 2020,7:30p,Denver Nuggets,107,Dallas Mavericks,106,Box Score,,20314,American Airlines Center,
Wed Jan 8 2020,8:00p,Chicago Bulls,108,New Orleans Pelicans,123,Box Score,,15324,Smoothie King Center,
Wed Jan 8 2020,9:00p,New York Knicks,104,Utah Jazz,128,Box Score,,18306,Vivint Smart Home Arena,
Wed Jan 8 2020,10:00p,Milwaukee Bucks,107,Golden State Warriors,98,Box Score,,18064,Chase Center,
Thu Jan 9 2020,7:00p,Cleveland Cavaliers,115,Detroit Pistons,112,Box Score,OT,13445,Little Caesars Arena,
Thu Jan 9 2020,7:00p,Boston Celtics,98,Philadelphia 76ers,109,Box Score,,20822,Wells Fargo Center,
Thu Jan 9 2020,8:00p,Portland Trail Blazers,102,Minnesota Timberwolves,116,Box Score,,13720,Target Center,
Thu Jan 9 2020,9:30p,Houston Rockets,92,Oklahoma City Thunder,113,Box Score,,18203,Chesapeake Energy Arena,
Fri Jan 10 2020,7:00p,Atlanta Hawks,101,Washington Wizards,111,Box Score,,16360,Capital One Arena,
Fri Jan 10 2020,7:15p,New Orleans Pelicans,123,New York Knicks,111,Box Score,,18003,Madison Square Garden (IV),
Fri Jan 10 2020,7:30p,Miami Heat,113,Brooklyn Nets,117,Box Score,,16011,Barclays Center,
Fri Jan 10 2020,8:00p,Indiana Pacers,116,Chicago Bulls,105,Box Score,,20229,United Center,
Fri Jan 10 2020,8:00p,San Antonio Spurs,121,Memphis Grizzlies,134,Box Score,,16448,FedEx Forum,
Fri Jan 10 2020,9:00p,Orlando Magic,94,Phoenix Suns,98,Box Score,,14562,Talking Stick Resort Arena,
Fri Jan 10 2020,9:00p,Charlotte Hornets,92,Utah Jazz,109,Box Score,,18306,Vivint Smart Home Arena,
Fri Jan 10 2020,9:45p,Los Angeles Lakers,129,Dallas Mavericks,114,Box Score,,20542,American Airlines Center,
Fri Jan 10 2020,10:00p,Milwaukee Bucks,127,Sacramento Kings,106,Box Score,,17583,Golden 1 Center,
Fri Jan 10 2020,10:30p,Golden State Warriors,100,Los Angeles Clippers,109,Box Score,,19068,STAPLES Center,
Sat Jan 11 2020,5:00p,Minnesota Timberwolves,109,Houston Rockets,139,Box Score,,18055,Toyota Center,
Sat Jan 11 2020,7:00p,New Orleans Pelicans,105,Boston Celtics,140,Box Score,,19156,TD Garden,
Sat Jan 11 2020,7:00p,Chicago Bulls,108,Detroit Pistons,99,Box Score,,15951,Little Caesars Arena,
Sat Jan 11 2020,8:00p,Los Angeles Lakers,125,Oklahoma City Thunder,110,Box Score,,18203,Chesapeake Energy Arena,
Sat Jan 11 2020,8:30p,Philadelphia 76ers,91,Dallas Mavericks,109,Box Score,,20244,American Airlines Center,
Sat Jan 11 2020,9:00p,Cleveland Cavaliers,111,Denver Nuggets,103,Box Score,,19533,Pepsi Center,
Sat Jan 11 2020,10:00p,Milwaukee Bucks,122,Portland Trail Blazers,101,Box Score,,19843,Moda Center,
Sun Jan 12 2020,3:30p,Miami Heat,121,New York Knicks,124,Box Score,,18861,Madison Square Garden (IV),
Sun Jan 12 2020,3:30p,Utah Jazz,127,Washington Wizards,116,Box Score,,15953,Capital One Arena,
Sun Jan 12 2020,6:00p,Atlanta Hawks,86,Brooklyn Nets,108,Box Score,,15201,Barclays Center,
Sun Jan 12 2020,6:00p,Golden State Warriors,102,Memphis Grizzlies,122,Box Score,,16408,FedEx Forum,
Sun Jan 12 2020,6:00p,San Antonio Spurs,105,Toronto Raptors,104,Box Score,,19800,Scotiabank Arena,
Sun Jan 12 2020,8:00p,Los Angeles Clippers,104,Denver Nuggets,114,Box Score,,19520,Pepsi Center,
Sun Jan 12 2020,8:00p,Charlotte Hornets,92,Phoenix Suns,100,Box Score,,14751,Talking Stick Resort Arena,
Mon Jan 13 2020,7:00p,New Orleans Pelicans,117,Detroit Pistons,110,Box Score,OT,13780,Little Caesars Arena,
Mon Jan 13 2020,7:00p,Philadelphia 76ers,95,Indiana Pacers,101,Box Score,,15257,Bankers Life Fieldhouse,
Mon Jan 13 2020,7:30p,Chicago Bulls,101,Boston Celtics,113,Box Score,,19156,TD Garden,
Mon Jan 13 2020,8:00p,Oklahoma City Thunder,117,Minnesota Timberwolves,104,Box Score,,11044,Target Center,
Mon Jan 13 2020,10:00p,Charlotte Hornets,112,Portland Trail Blazers,115,Box Score,,19111,Moda Center,
Mon Jan 13 2020,10:00p,Orlando Magic,114,Sacramento Kings,112,Box Score,,16299,Golden 1 Center,
Mon Jan 13 2020,10:30p,Cleveland Cavaliers,99,Los Angeles Lakers,128,Box Score,,18997,STAPLES Center,
Tue Jan 14 2020,7:30p,Phoenix Suns,110,Atlanta Hawks,123,Box Score,,16060,State Farm Arena,
Tue Jan 14 2020,7:30p,Utah Jazz,118,Brooklyn Nets,107,Box Score,,15381,Barclays Center,
Tue Jan 14 2020,8:00p,Houston Rockets,110,Memphis Grizzlies,121,Box Score,,16181,FedEx Forum,
Tue Jan 14 2020,8:00p,New York Knicks,102,Milwaukee Bucks,128,Box Score,,17590,Fiserv Forum,
Tue Jan 14 2020,10:30p,Dallas Mavericks,124,Golden State Warriors,97,Box Score,,18064,Chase Center,
Tue Jan 14 2020,10:30p,Cleveland Cavaliers,103,Los Angeles Clippers,128,Box Score,,19068,STAPLES Center,
Wed Jan 15 2020,7:00p,Detroit Pistons,116,Boston Celtics,103,Box Score,,19156,TD Garden,
Wed Jan 15 2020,7:00p,Brooklyn Nets,106,Philadelphia 76ers,117,Box Score,,20416,Wells Fargo Center,
Wed Jan 15 2020,7:30p,San Antonio Spurs,100,Miami Heat,106,Box Score,,19704,AmericanAirlines Arena,
Wed Jan 15 2020,8:00p,Washington Wizards,106,Chicago Bulls,115,Box Score,,19382,United Center,
Wed Jan 15 2020,8:00p,Indiana Pacers,104,Minnesota Timberwolves,99,Box Score,,12648,Target Center,
Wed Jan 15 2020,8:00p,Toronto Raptors,130,Oklahoma City Thunder,121,Box Score,,18203,Chesapeake Energy Arena,
Wed Jan 15 2020,9:00p,Charlotte Hornets,86,Denver Nuggets,100,Box Score,,19520,Pepsi Center,
Wed Jan 15 2020,9:30p,Portland Trail Blazers,117,Houston Rockets,107,Box Score,,18055,Toyota Center,
Wed Jan 15 2020,10:00p,Dallas Mavericks,127,Sacramento Kings,123,Box Score,,17029,Golden 1 Center,
Wed Jan 15 2020,10:30p,Orlando Magic,119,Los Angeles Lakers,118,Box Score,,18997,STAPLES Center,
Thu Jan 16 2020,7:30p,Phoenix Suns,121,New York Knicks,98,Box Score,,18215,Madison Square Garden (IV),
Thu Jan 16 2020,8:00p,Boston Celtics,123,Milwaukee Bucks,128,Box Score,,17873,Fiserv Forum,
Thu Jan 16 2020,8:00p,Utah Jazz,132,New Orleans Pelicans,138,Box Score,OT,16717,Smoothie King Center,
Thu Jan 16 2020,10:30p,Denver Nuggets,134,Golden State Warriors,131,Box Score,OT,18064,Chase Center,
Thu Jan 16 2020,10:30p,Orlando Magic,95,Los Angeles Clippers,122,Box Score,,19068,STAPLES Center,
Fri Jan 17 2020,7:00p,Minnesota Timberwolves,114,Indiana Pacers,116,Box Score,,16248,Bankers Life Fieldhouse,
Fri Jan 17 2020,7:00p,Chicago Bulls,89,Philadelphia 76ers,100,Box Score,,20919,Wells Fargo Center,
Fri Jan 17 2020,7:00p,Washington Wizards,111,Toronto Raptors,140,Box Score,,19800,Scotiabank Arena,
Fri Jan 17 2020,8:00p,Cleveland Cavaliers,109,Memphis Grizzlies,113,Box Score,,17102,FedEx Forum,
Fri Jan 17 2020,8:00p,Miami Heat,115,Oklahoma City Thunder,108,Box Score,,18203,Chesapeake Energy Arena,
Fri Jan 17 2020,8:30p,Atlanta Hawks,121,San Antonio Spurs,120,Box Score,,18354,AT&T Center,
Fri Jan 17 2020,9:30p,Portland Trail Blazers,112,Dallas Mavericks,120,Box Score,,20283,American Airlines Center,
Sat Jan 18 2020,3:30p,Los Angeles Clippers,133,New Orleans Pelicans,130,Box Score,,17959,Smoothie King Center,
Sat Jan 18 2020,6:00p,Milwaukee Bucks,117,Brooklyn Nets,97,Box Score,,17732,Barclays Center,
Sat Jan 18 2020,7:00p,Phoenix Suns,123,Boston Celtics,119,Box Score,,19156,TD Garden,
Sat Jan 18 2020,7:30p,Detroit Pistons,136,Atlanta Hawks,103,Box Score,,17056,State Farm Arena,
Sat Jan 18 2020,7:30p,Philadelphia 76ers,90,New York Knicks,87,Box Score,,17812,Madison Square Garden (IV),
Sat Jan 18 2020,8:00p,Cleveland Cavaliers,116,Chicago Bulls,118,Box Score,,19939,United Center,
Sat Jan 18 2020,8:00p,Toronto Raptors,122,Minnesota Timberwolves,112,Box Score,,16520,Target Center,
Sat Jan 18 2020,8:30p,Orlando Magic,95,Golden State Warriors,109,Box Score,,18064,Chase Center,
Sat Jan 18 2020,8:30p,Los Angeles Lakers,124,Houston Rockets,115,Box Score,,18502,Toyota Center,
Sat Jan 18 2020,9:00p,Portland Trail Blazers,106,Oklahoma City Thunder,119,Box Score,,18203,Chesapeake Energy Arena,
Sat Jan 18 2020,9:00p,Sacramento Kings,101,Utah Jazz,123,Box Score,,18306,Vivint Smart Home Arena,
Sun Jan 19 2020,3:00p,Miami Heat,102,San Antonio Spurs,107,Box Score,,18422,AT&T Center,
Sun Jan 19 2020,8:00p,Indiana Pacers,115,Denver Nuggets,107,Box Score,,19520,Pepsi Center,
Mon Jan 20 2020,2:00p,Detroit Pistons,100,Washington Wizards,106,Box Score,,17305,Capital One Arena,
Mon Jan 20 2020,2:30p,Toronto Raptors,122,Atlanta Hawks,117,Box Score,,17300,State Farm Arena,
Mon Jan 20 2020,3:00p,Philadelphia 76ers,117,Brooklyn Nets,111,Box Score,,16801,Barclays Center,
Mon Jan 20 2020,5:00p,Orlando Magic,106,Charlotte Hornets,83,Box Score,,16133,Spectrum Center,
Mon Jan 20 2020,5:00p,New York Knicks,106,Cleveland Cavaliers,86,Box Score,,17133,Rocket Mortgage Fieldhouse,
Mon Jan 20 2020,5:00p,Oklahoma City Thunder,112,Houston Rockets,107,Box Score,,18055,Toyota Center,
Mon Jan 20 2020,5:00p,New Orleans Pelicans,126,Memphis Grizzlies,116,Box Score,,17794,FedEx Forum,
Mon Jan 20 2020,5:00p,Sacramento Kings,113,Miami Heat,118,Box Score,OT,19600,AmericanAirlines Arena,
Mon Jan 20 2020,5:00p,Chicago Bulls,98,Milwaukee Bucks,111,Box Score,,17747,Fiserv Forum,
Mon Jan 20 2020,7:30p,Los Angeles Lakers,107,Boston Celtics,139,Box Score,,19156,TD Garden,
Mon Jan 20 2020,8:00p,Denver Nuggets,107,Minnesota Timberwolves,100,Box Score,,12172,Target Center,
Mon Jan 20 2020,9:00p,San Antonio Spurs,120,Phoenix Suns,118,Box Score,,14847,Talking Stick Resort Arena,
Mon Jan 20 2020,9:00p,Indiana Pacers,88,Utah Jazz,118,Box Score,,18306,Vivint Smart Home Arena,
Mon Jan 20 2020,10:00p,Golden State Warriors,124,Portland Trail Blazers,129,Box Score,OT,19493,Moda Center,
Tue Jan 21 2020,8:30p,Los Angeles Clippers,110,Dallas Mavericks,107,Box Score,,19783,American Airlines Center,
Wed Jan 22 2020,7:00p,Sacramento Kings,106,Detroit Pistons,127,Box Score,,13972,Little Caesars Arena,
Wed Jan 22 2020,7:00p,Oklahoma City Thunder,120,Orlando Magic,114,Box Score,,18846,Amway Center,
Wed Jan 22 2020,7:00p,Philadelphia 76ers,95,Toronto Raptors,107,Box Score,,19800,Scotiabank Arena,
Wed Jan 22 2020,7:30p,Los Angeles Clippers,95,Atlanta Hawks,102,Box Score,,14338,State Farm Arena,
Wed Jan 22 2020,7:30p,Memphis Grizzlies,95,Boston Celtics,119,Box Score,,19156,TD Garden,
Wed Jan 22 2020,7:30p,Washington Wizards,129,Miami Heat,134,Box Score,OT,19600,AmericanAirlines Arena,
Wed Jan 22 2020,7:30p,Los Angeles Lakers,100,New York Knicks,92,Box Score,,19812,Madison Square Garden (IV),
Wed Jan 22 2020,8:00p,Minnesota Timberwolves,110,Chicago Bulls,117,Box Score,,18875,United Center,
Wed Jan 22 2020,8:00p,Denver Nuggets,105,Houston Rockets,121,Box Score,,18055,Toyota Center,
Wed Jan 22 2020,9:00p,Indiana Pacers,112,Phoenix Suns,87,Box Score,,14691,Talking Stick Resort Arena,
Wed Jan 22 2020,9:30p,San Antonio Spurs,121,New Orleans Pelicans,117,Box Score,,18365,Smoothie King Center,
Wed Jan 22 2020,10:00p,Utah Jazz,129,Golden State Warriors,96,Box Score,,18064,Chase Center,
Thu Jan 23 2020,7:00p,Washington Wizards,124,Cleveland Cavaliers,112,Box Score,,16689,Rocket Mortgage Fieldhouse,
Thu Jan 23 2020,8:00p,Los Angeles Lakers,128,Brooklyn Nets,113,Box Score,,17732,Barclays Center,
Thu Jan 23 2020,10:30p,Dallas Mavericks,133,Portland Trail Blazers,125,Box Score,,19574,Moda Center,
Fri Jan 24 2020,3:00p,Milwaukee Bucks,116,Charlotte Hornets,103,Box Score,,15758,AccorHotels Arena,at Paris France
Fri Jan 24 2020,7:00p,Memphis Grizzlies,125,Detroit Pistons,112,Box Score,,14583,Little Caesars Arena,
Fri Jan 24 2020,7:00p,Boston Celtics,109,Orlando Magic,98,Box Score,,18846,Amway Center,
Fri Jan 24 2020,7:30p,Toronto Raptors,118,New York Knicks,112,Box Score,,18883,Madison Square Garden (IV),
Fri Jan 24 2020,8:00p,Sacramento Kings,98,Chicago Bulls,81,Box Score,,17661,United Center,
Fri Jan 24 2020,8:00p,Los Angeles Clippers,122,Miami Heat,117,Box Score,,19632,AmericanAirlines Arena,
Fri Jan 24 2020,8:00p,Houston Rockets,131,Minnesota Timberwolves,124,Box Score,,16101,Target Center,
Fri Jan 24 2020,8:00p,Denver Nuggets,113,New Orleans Pelicans,106,Box Score,,16398,Smoothie King Center,
Fri Jan 24 2020,8:00p,Atlanta Hawks,111,Oklahoma City Thunder,140,Box Score,,18203,Chesapeake Energy Arena,
Fri Jan 24 2020,8:30p,Phoenix Suns,103,San Antonio Spurs,99,Box Score,,18354,AT&T Center,
Fri Jan 24 2020,10:30p,Indiana Pacers,129,Golden State Warriors,118,Box Score,,18064,Chase Center,
Sat Jan 25 2020,5:00p,Dallas Mavericks,107,Utah Jazz,112,Box Score,,18306,Vivint Smart Home Arena,
Sat Jan 25 2020,7:00p,Brooklyn Nets,121,Detroit Pistons,111,Box Score,OT,15890,Little Caesars Arena,
Sat Jan 25 2020,8:00p,Chicago Bulls,118,Cleveland Cavaliers,106,Box Score,,19432,Rocket Mortgage Fieldhouse,
Sat Jan 25 2020,8:00p,Oklahoma City Thunder,113,Minnesota Timberwolves,104,Box Score,,16236,Target Center,
Sat Jan 25 2020,8:30p,Los Angeles Lakers,91,Philadelphia 76ers,108,Box Score,,21109,Wells Fargo Center,
Sun Jan 26 2020,3:30p,Houston Rockets,110,Denver Nuggets,117,Box Score,,19520,Pepsi Center,
Sun Jan 26 2020,4:00p,Toronto Raptors,110,San Antonio Spurs,106,Box Score,,18354,AT&T Center,
Sun Jan 26 2020,6:00p,Washington Wizards,133,Atlanta Hawks,152,Box Score,,15567,State Farm Arena,
Sun Jan 26 2020,6:00p,Phoenix Suns,109,Memphis Grizzlies,114,Box Score,,17214,FedEx Forum,
Sun Jan 26 2020,6:00p,Boston Celtics,108,New Orleans Pelicans,123,Box Score,,16737,Smoothie King Center,
Sun Jan 26 2020,6:00p,Brooklyn Nets,97,New York Knicks,110,Box Score,,17831,Madison Square Garden (IV),
Sun Jan 26 2020,6:00p,Los Angeles Clippers,112,Orlando Magic,97,Box Score,,15427,Amway Center,
Sun Jan 26 2020,9:00p,Indiana Pacers,129,Portland Trail Blazers,139,Box Score,,19663,Moda Center,
Mon Jan 27 2020,7:00p,Cleveland Cavaliers,115,Detroit Pistons,100,Box Score,,12597,Little Caesars Arena,
Mon Jan 27 2020,7:30p,Orlando Magic,92,Miami Heat,113,Box Score,,19600,AmericanAirlines Arena,
Mon Jan 27 2020,8:00p,San Antonio Spurs,109,Chicago Bulls,110,Box Score,,16071,United Center,
Mon Jan 27 2020,8:00p,Sacramento Kings,133,Minnesota Timberwolves,129,Box Score,OT,13449,Target Center,
Mon Jan 27 2020,8:00p,Dallas Mavericks,107,Oklahoma City Thunder,97,Box Score,,18203,Chesapeake Energy Arena,
Mon Jan 27 2020,9:00p,Houston Rockets,126,Utah Jazz,117,Box Score,,18306,Vivint Smart Home Arena,
Tue Jan 28 2020,7:00p,New York Knicks,92,Charlotte Hornets,97,Box Score,,14342,Spectrum Center,
Tue Jan 28 2020,7:00p,Golden State Warriors,104,Philadelphia 76ers,115,Box Score,,20854,Wells Fargo Center,
Tue Jan 28 2020,7:30p,New Orleans Pelicans,125,Cleveland Cavaliers,111,Box Score,,19432,Rocket Mortgage Fieldhouse,
Tue Jan 28 2020,7:30p,Atlanta Hawks,114,Toronto Raptors,130,Box Score,,19800,Scotiabank Arena,
Tue Jan 28 2020,8:00p,Denver Nuggets,96,Memphis Grizzlies,104,Box Score,,14365,FedEx Forum,
Tue Jan 28 2020,8:00p,Boston Celtics,109,Miami Heat,101,Box Score,,19704,AmericanAirlines Arena,
Tue Jan 28 2020,8:00p,Washington Wizards,131,Milwaukee Bucks,151,Box Score,,17681,Fiserv Forum,
Tue Jan 28 2020,8:30p,Phoenix Suns,133,Dallas Mavericks,104,Box Score,,20216,American Airlines Center,
Wed Jan 29 2020,7:00p,Chicago Bulls,106,Indiana Pacers,115,Box Score,OT,17923,Bankers Life Fieldhouse,
Wed Jan 29 2020,7:30p,Detroit Pistons,115,Brooklyn Nets,125,Box Score,,14275,Barclays Center,
Wed Jan 29 2020,7:30p,Memphis Grizzlies,127,New York Knicks,106,Box Score,,18768,Madison Square Garden (IV),
Wed Jan 29 2020,8:30p,Utah Jazz,120,San Antonio Spurs,127,Box Score,,17887,AT&T Center,
Wed Jan 29 2020,10:00p,Houston Rockets,112,Portland Trail Blazers,125,Box Score,,19393,Moda Center,
Wed Jan 29 2020,10:00p,Oklahoma City Thunder,120,Sacramento Kings,100,Box Score,,16935,Golden 1 Center,
Thu Jan 30 2020,7:00p,Toronto Raptors,115,Cleveland Cavaliers,109,Box Score,,17695,Rocket Mortgage Fieldhouse,
Thu Jan 30 2020,7:00p,Charlotte Hornets,107,Washington Wizards,121,Box Score,,15013,Capital One Arena,
Thu Jan 30 2020,7:30p,Philadelphia 76ers,117,Atlanta Hawks,127,Box Score,,15227,State Farm Arena,
Thu Jan 30 2020,8:00p,Golden State Warriors,104,Boston Celtics,119,Box Score,,19156,TD Garden,
Thu Jan 30 2020,10:30p,Utah Jazz,100,Denver Nuggets,106,Box Score,,19520,Pepsi Center,
Thu Jan 30 2020,10:30p,Sacramento Kings,124,Los Angeles Clippers,103,Box Score,,19068,STAPLES Center,
Fri Jan 31 2020,7:00p,Toronto Raptors,105,Detroit Pistons,92,Box Score,,17356,Little Caesars Arena,
Fri Jan 31 2020,7:30p,Chicago Bulls,118,Brooklyn Nets,133,Box Score,,17732,Barclays Center,
Fri Jan 31 2020,7:30p,Dallas Mavericks,121,Houston Rockets,128,Box Score,,18055,Toyota Center,
Fri Jan 31 2020,8:00p,Memphis Grizzlies,111,New Orleans Pelicans,139,Box Score,,18362,Smoothie King Center,
Fri Jan 31 2020,9:00p,Denver Nuggets,127,Milwaukee Bucks,115,Box Score,,18141,Fiserv Forum,
Fri Jan 31 2020,9:00p,Oklahoma City Thunder,111,Phoenix Suns,107,Box Score,,17260,Talking Stick Resort Arena,
Fri Jan 31 2020,10:30p,Portland Trail Blazers,127,Los Angeles Lakers,119,Box Score,,18997,STAPLES Center,
Sat Feb 1 2020,3:30p,Minnesota Timberwolves,106,Los Angeles Clippers,118,Box Score,,19068,STAPLES Center,
Sat Feb 1 2020,7:00p,New York Knicks,92,Indiana Pacers,85,Box Score,,17923,Bankers Life Fieldhouse,
Sat Feb 1 2020,7:00p,Miami Heat,102,Orlando Magic,89,Box Score,,18846,Amway Center,
Sat Feb 1 2020,8:00p,Golden State Warriors,131,Cleveland Cavaliers,112,Box Score,,18410,Rocket Mortgage Fieldhouse,
Sat Feb 1 2020,8:00p,Brooklyn Nets,107,Washington Wizards,113,Box Score,,18196,Capital One Arena,
Sat Feb 1 2020,8:30p,Philadelphia 76ers,95,Boston Celtics,116,Box Score,,19156,TD Garden,
Sat Feb 1 2020,8:30p,Atlanta Hawks,100,Dallas Mavericks,123,Box Score,,20328,American Airlines Center,
Sat Feb 1 2020,9:00p,Charlotte Hornets,90,San Antonio Spurs,114,Box Score,,18615,AT&T Center,
Sat Feb 1 2020,10:00p,Los Angeles Lakers,129,Sacramento Kings,113,Box Score,,17583,Golden 1 Center,
Sat Feb 1 2020,10:30p,Utah Jazz,107,Portland Trail Blazers,124,Box Score,,19603,Moda Center,
Sun Feb 2 2020,12:30p,Denver Nuggets,123,Detroit Pistons,128,Box Score,OT,15488,Little Caesars Arena,
Sun Feb 2 2020,2:00p,New Orleans Pelicans,109,Houston Rockets,117,Box Score,,18055,Toyota Center,
Sun Feb 2 2020,2:00p,Phoenix Suns,108,Milwaukee Bucks,129,Box Score,,17754,Fiserv Forum,
Sun Feb 2 2020,3:00p,Chicago Bulls,102,Toronto Raptors,129,Box Score,,19800,Scotiabank Arena,
Mon Feb 3 2020,7:00p,Orlando Magic,112,Charlotte Hornets,100,Box Score,,12337,Spectrum Center,
Mon Feb 3 2020,7:00p,New York Knicks,139,Cleveland Cavaliers,134,Box Score,OT,16303,Rocket Mortgage Fieldhouse,
Mon Feb 3 2020,7:00p,Dallas Mavericks,112,Indiana Pacers,103,Box Score,,15086,Bankers Life Fieldhouse,
Mon Feb 3 2020,7:00p,Golden State Warriors,125,Washington Wizards,117,Box Score,,17120,Capital One Arena,
Mon Feb 3 2020,7:30p,Boston Celtics,123,Atlanta Hawks,115,Box Score,,16231,State Farm Arena,
Mon Feb 3 2020,7:30p,Phoenix Suns,97,Brooklyn Nets,119,Box Score,,14891,Barclays Center,
Mon Feb 3 2020,7:30p,Philadelphia 76ers,106,Miami Heat,137,Box Score,,19725,AmericanAirlines Arena,
Mon Feb 3 2020,8:00p,Detroit Pistons,82,Memphis Grizzlies,96,Box Score,,14597,FedEx Forum,
Mon Feb 3 2020,10:00p,Minnesota Timberwolves,109,Sacramento Kings,113,Box Score,,15819,Golden 1 Center,
Mon Feb 3 2020,10:30p,San Antonio Spurs,105,Los Angeles Clippers,108,Box Score,,19068,STAPLES Center,
Tue Feb 4 2020,7:30p,Milwaukee Bucks,120,New Orleans Pelicans,108,Box Score,,15424,Smoothie King Center,
Tue Feb 4 2020,8:00p,Charlotte Hornets,110,Houston Rockets,125,Box Score,,18055,Toyota Center,
Tue Feb 4 2020,9:00p,Portland Trail Blazers,99,Denver Nuggets,127,Box Score,,19520,Pepsi Center,
Tue Feb 4 2020,10:00p,San Antonio Spurs,102,Los Angeles Lakers,129,Box Score,,18997,STAPLES Center,
Wed Feb 5 2020,7:00p,Phoenix Suns,108,Detroit Pistons,116,Box Score,,13707,Little Caesars Arena,
Wed Feb 5 2020,7:30p,Orlando Magic,100,Boston Celtics,116,Box Score,,19156,TD Garden,
Wed Feb 5 2020,7:30p,Golden State Warriors,88,Brooklyn Nets,129,Box Score,,14352,Barclays Center,
Wed Feb 5 2020,7:30p,Indiana Pacers,118,Toronto Raptors,119,Box Score,,19800,Scotiabank Arena,
Wed Feb 5 2020,8:00p,Atlanta Hawks,127,Minnesota Timberwolves,120,Box Score,,10779,Target Center,
Wed Feb 5 2020,8:00p,Cleveland Cavaliers,103,Oklahoma City Thunder,109,Box Score,,18203,Chesapeake Energy Arena,
Wed Feb 5 2020,8:30p,Memphis Grizzlies,121,Dallas Mavericks,107,Box Score,,20069,American Airlines Center,
Wed Feb 5 2020,9:00p,Denver Nuggets,98,Utah Jazz,95,Box Score,,18306,Vivint Smart Home Arena,
Wed Feb 5 2020,10:00p,Miami Heat,111,Los Angeles Clippers,128,Box Score,,19068,STAPLES Center,
Thu Feb 6 2020,7:30p,Orlando Magic,103,New York Knicks,105,Box Score,,18895,Madison Square Garden (IV),
Thu Feb 6 2020,8:00p,New Orleans Pelicans,125,Chicago Bulls,119,Box Score,,18247,United Center,
Thu Feb 6 2020,8:00p,Philadelphia 76ers,101,Milwaukee Bucks,112,Box Score,,17928,Fiserv Forum,
Thu Feb 6 2020,10:00p,San Antonio Spurs,117,Portland Trail Blazers,125,Box Score,,19653,Moda Center,
Thu Feb 6 2020,10:30p,Houston Rockets,121,Los Angeles Lakers,111,Box Score,,18997,STAPLES Center,
Fri Feb 7 2020,7:00p,Memphis Grizzlies,107,Philadelphia 76ers,119,Box Score,,20779,Wells Fargo Center,
Fri Feb 7 2020,7:00p,Dallas Mavericks,118,Washington Wizards,119,Box Score,,20476,Capital One Arena,
Fri Feb 7 2020,7:30p,Atlanta Hawks,107,Boston Celtics,112,Box Score,,19156,TD Garden,
Fri Feb 7 2020,8:00p,Toronto Raptors,115,Indiana Pacers,106,Box Score,,17028,Bankers Life Fieldhouse,
Fri Feb 7 2020,8:00p,Detroit Pistons,101,Oklahoma City Thunder,108,Box Score,,18203,Chesapeake Energy Arena,
Fri Feb 7 2020,9:00p,Houston Rockets,91,Phoenix Suns,127,Box Score,,17043,Talking Stick Resort Arena,
Fri Feb 7 2020,10:00p,Miami Heat,97,Sacramento Kings,105,Box Score,,16760,Golden 1 Center,
Fri Feb 7 2020,10:30p,Portland Trail Blazers,114,Utah Jazz,117,Box Score,,18306,Vivint Smart Home Arena,
Sat Feb 8 2020,5:00p,Milwaukee Bucks,111,Orlando Magic,95,Box Score,,16632,Amway Center,
Sat Feb 8 2020,7:00p,Dallas Mavericks,116,Charlotte Hornets,100,Box Score,,19370,Spectrum Center,
Sat Feb 8 2020,7:00p,New York Knicks,95,Detroit Pistons,92,Box Score,,15980,Little Caesars Arena,
Sat Feb 8 2020,7:30p,New Orleans Pelicans,124,Indiana Pacers,117,Box Score,,17923,Bankers Life Fieldhouse,
Sat Feb 8 2020,7:30p,Brooklyn Nets,118,Toronto Raptors,119,Box Score,,19800,Scotiabank Arena,
Sat Feb 8 2020,8:00p,Los Angeles Clippers,115,Minnesota Timberwolves,142,Box Score,,18978,Target Center,
Sat Feb 8 2020,8:30p,Los Angeles Lakers,125,Golden State Warriors,120,Box Score,,18064,Chase Center,
Sat Feb 8 2020,9:00p,Denver Nuggets,117,Phoenix Suns,108,Box Score,,16843,Talking Stick Resort Arena,
Sat Feb 8 2020,10:00p,San Antonio Spurs,102,Sacramento Kings,122,Box Score,,16756,Golden 1 Center,
Sun Feb 9 2020,3:30p,Boston Celtics,112,Oklahoma City Thunder,111,Box Score,,18203,Chesapeake Energy Arena,
Sun Feb 9 2020,6:00p,New York Knicks,135,Atlanta Hawks,140,Box Score,2OT,16309,State Farm Arena,
Sun Feb 9 2020,6:00p,Chicago Bulls,111,Philadelphia 76ers,118,Box Score,,21018,Wells Fargo Center,
Sun Feb 9 2020,6:00p,Memphis Grizzlies,106,Washington Wizards,99,Box Score,,17251,Capital One Arena,
Sun Feb 9 2020,7:00p,Utah Jazz,114,Houston Rockets,113,Box Score,,18055,Toyota Center,
Sun Feb 9 2020,7:30p,Los Angeles Clippers,133,Cleveland Cavaliers,92,Box Score,,17240,Rocket Mortgage Fieldhouse,
Sun Feb 9 2020,9:00p,Miami Heat,109,Portland Trail Blazers,115,Box Score,,19726,Moda Center,
Mon Feb 10 2020,7:00p,Charlotte Hornets,87,Detroit Pistons,76,Box Score,,13941,Little Caesars Arena,
Mon Feb 10 2020,7:00p,Brooklyn Nets,106,Indiana Pacers,105,Box Score,,16761,Bankers Life Fieldhouse,
Mon Feb 10 2020,7:00p,Atlanta Hawks,126,Orlando Magic,135,Box Score,,17076,Amway Center,
Mon Feb 10 2020,7:30p,Minnesota Timberwolves,126,Toronto Raptors,137,Box Score,,19800,Scotiabank Arena,
Mon Feb 10 2020,8:00p,Sacramento Kings,111,Milwaukee Bucks,123,Box Score,,17463,Fiserv Forum,
Mon Feb 10 2020,8:30p,Utah Jazz,123,Dallas Mavericks,119,Box Score,,19793,American Airlines Center,
Mon Feb 10 2020,9:00p,San Antonio Spurs,120,Denver Nuggets,127,Box Score,,19520,Pepsi Center,
Mon Feb 10 2020,10:30p,Miami Heat,113,Golden State Warriors,101,Box Score,,18064,Chase Center,
Mon Feb 10 2020,10:30p,Phoenix Suns,100,Los Angeles Lakers,125,Box Score,,18997,STAPLES Center,
Tue Feb 11 2020,7:00p,Los Angeles Clippers,103,Philadelphia 76ers,110,Box Score,,20730,Wells Fargo Center,
Tue Feb 11 2020,7:00p,Chicago Bulls,114,Washington Wizards,126,Box Score,,15135,Capital One Arena,
Tue Feb 11 2020,8:00p,Portland Trail Blazers,117,New Orleans Pelicans,138,Box Score,,15739,Smoothie King Center,
Tue Feb 11 2020,8:00p,San Antonio Spurs,114,Oklahoma City Thunder,106,Box Score,,18203,Chesapeake Energy Arena,
Tue Feb 11 2020,9:30p,Boston Celtics,105,Houston Rockets,116,Box Score,,18055,Toyota Center,
Wed Feb 12 2020,7:00p,Atlanta Hawks,105,Cleveland Cavaliers,127,Box Score,,16200,Rocket Mortgage Fieldhouse,
Wed Feb 12 2020,7:00p,Detroit Pistons,112,Orlando Magic,116,Box Score,OT,16607,Amway Center,
Wed Feb 12 2020,7:30p,Toronto Raptors,91,Brooklyn Nets,101,Box Score,,15823,Barclays Center,
Wed Feb 12 2020,7:30p,Milwaukee Bucks,111,Indiana Pacers,118,Box Score,,17018,Bankers Life Fieldhouse,
Wed Feb 12 2020,7:30p,Washington Wizards,114,New York Knicks,96,Box Score,,18835,Madison Square Garden (IV),
Wed Feb 12 2020,8:00p,Portland Trail Blazers,104,Memphis Grizzlies,111,Box Score,,16889,FedEx Forum,
Wed Feb 12 2020,8:00p,Charlotte Hornets,115,Minnesota Timberwolves,108,Box Score,,18978,Target Center,
Wed Feb 12 2020,8:30p,Sacramento Kings,111,Dallas Mavericks,130,Box Score,,19842,American Airlines Center,
Wed Feb 12 2020,9:00p,Golden State Warriors,106,Phoenix Suns,112,Box Score,,15216,Talking Stick Resort Arena,
Wed Feb 12 2020,9:00p,Miami Heat,101,Utah Jazz,116,Box Score,,18306,Vivint Smart Home Arena,
Wed Feb 12 2020,10:00p,Los Angeles Lakers,120,Denver Nuggets,116,Box Score,OT,19860,Pepsi Center,
Thu Feb 13 2020,8:00p,Los Angeles Clippers,133,Boston Celtics,141,Box Score,2OT,19156,TD Garden,
Thu Feb 13 2020,8:00p,Oklahoma City Thunder,123,New Orleans Pelicans,118,Box Score,,17865,Smoothie King Center,
Thu Feb 20 2020,7:00p,Milwaukee Bucks,126,Detroit Pistons,106,Box Score,,16097,Little Caesars Arena,
Thu Feb 20 2020,7:30p,Miami Heat,124,Atlanta Hawks,129,Box Score,,17356,State Farm Arena,
Thu Feb 20 2020,8:00p,Charlotte Hornets,103,Chicago Bulls,93,Box Score,,17463,United Center,
Thu Feb 20 2020,8:00p,Brooklyn Nets,104,Philadelphia 76ers,112,Box Score,OT,20806,Wells Fargo Center,
Thu Feb 20 2020,10:00p,Memphis Grizzlies,125,Sacramento Kings,129,Box Score,,17078,Golden 1 Center,
Thu Feb 20 2020,10:30p,Houston Rockets,135,Golden State Warriors,105,Box Score,,18064,Chase Center,
Fri Feb 21 2020,7:00p,Dallas Mavericks,122,Orlando Magic,106,Box Score,,18846,Amway Center,
Fri Feb 21 2020,7:00p,Cleveland Cavaliers,113,Washington Wizards,108,Box Score,,18895,Capital One Arena,
Fri Feb 21 2020,7:30p,Indiana Pacers,106,New York Knicks,98,Box Score,,19812,Madison Square Garden (IV),
Fri Feb 21 2020,7:30p,Phoenix Suns,101,Toronto Raptors,118,Box Score,,19800,Scotiabank Arena,
Fri Feb 21 2020,8:00p,Boston Celtics,127,Minnesota Timberwolves,117,Box Score,,18978,Target Center,
Fri Feb 21 2020,8:00p,Denver Nuggets,101,Oklahoma City Thunder,113,Box Score,,18203,Chesapeake Energy Arena,
Fri Feb 21 2020,9:00p,San Antonio Spurs,113,Utah Jazz,104,Box Score,,18306,Vivint Smart Home Arena,
Fri Feb 21 2020,10:30p,Memphis Grizzlies,105,Los Angeles Lakers,117,Box Score,,18997,STAPLES Center,
Fri Feb 21 2020,10:30p,New Orleans Pelicans,128,Portland Trail Blazers,115,Box Score,,19946,Moda Center,
Sat Feb 22 2020,3:30p,Sacramento Kings,112,Los Angeles Clippers,103,Box Score,,19068,STAPLES Center,
Sat Feb 22 2020,7:00p,Brooklyn Nets,115,Charlotte Hornets,86,Box Score,,19079,Spectrum Center,
Sat Feb 22 2020,7:30p,Dallas Mavericks,107,Atlanta Hawks,111,Box Score,,17050,State Farm Arena,
Sat Feb 22 2020,8:00p,Phoenix Suns,112,Chicago Bulls,104,Box Score,,20506,United Center,
Sat Feb 22 2020,8:00p,Cleveland Cavaliers,105,Miami Heat,124,Box Score,,19754,AmericanAirlines Arena,
Sat Feb 22 2020,8:30p,Philadelphia 76ers,98,Milwaukee Bucks,119,Box Score,,18290,Fiserv Forum,
Sat Feb 22 2020,9:00p,Houston Rockets,120,Utah Jazz,110,Box Score,,18306,Vivint Smart Home Arena,
Sun Feb 23 2020,3:30p,Boston Celtics,112,Los Angeles Lakers,114,Box Score,,18997,STAPLES Center,
Sun Feb 23 2020,6:00p,Minnesota Timberwolves,116,Denver Nuggets,128,Box Score,,19626,Pepsi Center,
Sun Feb 23 2020,6:00p,Indiana Pacers,81,Toronto Raptors,127,Box Score,,19800,Scotiabank Arena,
Sun Feb 23 2020,7:00p,Washington Wizards,117,Chicago Bulls,126,Box Score,,18024,United Center,
Sun Feb 23 2020,7:00p,San Antonio Spurs,103,Oklahoma City Thunder,131,Box Score,,18203,Chesapeake Energy Arena,
Sun Feb 23 2020,8:30p,New Orleans Pelicans,115,Golden State Warriors,101,Box Score,,18064,Chase Center,
Sun Feb 23 2020,9:00p,Detroit Pistons,104,Portland Trail Blazers,107,Box Score,,19393,Moda Center,
Mon Feb 24 2020,7:00p,Miami Heat,119,Cleveland Cavaliers,125,Box Score,OT,17336,Rocket Mortgage Fieldhouse,
Mon Feb 24 2020,7:00p,Atlanta Hawks,112,Philadelphia 76ers,129,Box Score,,20836,Wells Fargo Center,
Mon Feb 24 2020,7:00p,Milwaukee Bucks,137,Washington Wizards,134,Box Score,OT,16580,Capital One Arena,
Mon Feb 24 2020,7:30p,Orlando Magic,115,Brooklyn Nets,113,Box Score,,16162,Barclays Center,
Mon Feb 24 2020,8:00p,New York Knicks,112,Houston Rockets,123,Box Score,,18055,Toyota Center,
Mon Feb 24 2020,8:30p,Minnesota Timberwolves,123,Dallas Mavericks,139,Box Score,,19936,American Airlines Center,
Mon Feb 24 2020,9:00p,Phoenix Suns,131,Utah Jazz,111,Box Score,,18306,Vivint Smart Home Arena,
Mon Feb 24 2020,10:30p,Memphis Grizzlies,97,Los Angeles Clippers,124,Box Score,,19068,STAPLES Center,
Tue Feb 25 2020,7:00p,Charlotte Hornets,80,Indiana Pacers,119,Box Score,,16088,Bankers Life Fieldhouse,
Tue Feb 25 2020,7:30p,Milwaukee Bucks,108,Toronto Raptors,97,Box Score,,19993,Scotiabank Arena,
Tue Feb 25 2020,8:00p,Oklahoma City Thunder,124,Chicago Bulls,122,Box Score,,16911,United Center,
Tue Feb 25 2020,9:00p,Detroit Pistons,98,Denver Nuggets,115,Box Score,,19143,Pepsi Center,
Tue Feb 25 2020,10:00p,New Orleans Pelicans,109,Los Angeles Lakers,118,Box Score,,18997,STAPLES Center,
Tue Feb 25 2020,10:00p,Boston Celtics,118,Portland Trail Blazers,106,Box Score,,19460,Moda Center,
Tue Feb 25 2020,10:30p,Sacramento Kings,112,Golden State Warriors,94,Box Score,,18064,Chase Center,
Wed Feb 26 2020,7:00p,New York Knicks,101,Charlotte Hornets,107,Box Score,,13152,Spectrum Center,
Wed Feb 26 2020,7:00p,Philadelphia 76ers,94,Cleveland Cavaliers,108,Box Score,,16332,Rocket Mortgage Fieldhouse,
Wed Feb 26 2020,7:00p,Brooklyn Nets,106,Washington Wizards,110,Box Score,,15021,Capital One Arena,
Wed Feb 26 2020,7:30p,Orlando Magic,130,Atlanta Hawks,120,Box Score,,14967,State Farm Arena,
Wed Feb 26 2020,7:30p,Minnesota Timberwolves,129,Miami Heat,126,Box Score,,19600,AmericanAirlines Arena,
Wed Feb 26 2020,8:00p,Memphis Grizzlies,112,Houston Rockets,140,Box Score,,18055,Toyota Center,
Wed Feb 26 2020,8:30p,Dallas Mavericks,109,San Antonio Spurs,103,Box Score,,18354,AT&T Center,
Wed Feb 26 2020,9:00p,Los Angeles Clippers,102,Phoenix Suns,92,Box Score,,15157,Talking Stick Resort Arena,
Wed Feb 26 2020,10:30p,Boston Celtics,114,Utah Jazz,103,Box Score,,18306,Vivint Smart Home Arena,
Thu Feb 27 2020,7:00p,New York Knicks,106,Philadelphia 76ers,115,Box Score,,20175,Wells Fargo Center,
Thu Feb 27 2020,8:00p,Portland Trail Blazers,100,Indiana Pacers,106,Box Score,,16872,Bankers Life Fieldhouse,
Thu Feb 27 2020,8:00p,Sacramento Kings,108,Oklahoma City Thunder,112,Box Score,,18203,Chesapeake Energy Arena,
Thu Feb 27 2020,10:30p,Los Angeles Lakers,116,Golden State Warriors,86,Box Score,,18064,Chase Center,
Fri Feb 28 2020,7:00p,Minnesota Timberwolves,125,Orlando Magic,136,Box Score,,18846,Amway Center,
Fri Feb 28 2020,7:30p,Brooklyn Nets,118,Atlanta Hawks,141,Box Score,,17034,State Farm Arena,
Fri Feb 28 2020,7:30p,Charlotte Hornets,99,Toronto Raptors,96,Box Score,,19800,Scotiabank Arena,
Fri Feb 28 2020,8:00p,Sacramento Kings,104,Memphis Grizzlies,101,Box Score,,17794,FedEx Forum,
Fri Feb 28 2020,8:00p,Dallas Mavericks,118,Miami Heat,126,Box Score,,19704,AmericanAirlines Arena,
Fri Feb 28 2020,8:00p,Oklahoma City Thunder,86,Milwaukee Bucks,133,Box Score,,18412,Fiserv Forum,
Fri Feb 28 2020,8:00p,Cleveland Cavaliers,104,New Orleans Pelicans,116,Box Score,,18304,Smoothie King Center,
Fri Feb 28 2020,9:00p,Detroit Pistons,113,Phoenix Suns,111,Box Score,,17142,Talking Stick Resort Arena,
Fri Feb 28 2020,9:00p,Washington Wizards,119,Utah Jazz,129,Box Score,,18306,Vivint Smart Home Arena,
Fri Feb 28 2020,10:30p,Denver Nuggets,103,Los Angeles Clippers,132,Box Score,,19068,STAPLES Center,
Sat Feb 29 2020,5:00p,Chicago Bulls,115,New York Knicks,125,Box Score,,19812,Madison Square Garden (IV),
Sat Feb 29 2020,7:30p,Portland Trail Blazers,117,Atlanta Hawks,129,Box Score,,17765,State Farm Arena,
Sat Feb 29 2020,7:30p,Brooklyn Nets,113,Miami Heat,116,Box Score,,19600,AmericanAirlines Arena,
Sat Feb 29 2020,8:00p,Indiana Pacers,113,Cleveland Cavaliers,104,Box Score,,19432,Rocket Mortgage Fieldhouse,
Sat Feb 29 2020,8:00p,Los Angeles Lakers,88,Memphis Grizzlies,105,Box Score,,17794,FedEx Forum,
Sat Feb 29 2020,8:30p,Houston Rockets,111,Boston Celtics,110,Box Score,OT,19156,TD Garden,
Sat Feb 29 2020,8:30p,Orlando Magic,113,San Antonio Spurs,114,Box Score,,18354,AT&T Center,
Sat Feb 29 2020,9:00p,Golden State Warriors,115,Phoenix Suns,99,Box Score,,16395,Talking Stick Resort Arena,
Sun Mar 1 2020,1:00p,Milwaukee Bucks,93,Charlotte Hornets,85,Box Score,,19149,Spectrum Center,
Sun Mar 1 2020,3:30p,Philadelphia 76ers,130,Los Angeles Clippers,136,Box Score,,19068,STAPLES Center,
Sun Mar 1 2020,3:30p,Dallas Mavericks,111,Minnesota Timberwolves,91,Box Score,,18058,Target Center,
Sun Mar 1 2020,6:00p,Toronto Raptors,118,Denver Nuggets,133,Box Score,,19777,Pepsi Center,
Sun Mar 1 2020,6:00p,Detroit Pistons,100,Sacramento Kings,106,Box Score,,17499,Golden 1 Center,
Sun Mar 1 2020,8:00p,Los Angeles Lakers,122,New Orleans Pelicans,114,Box Score,,18547,Smoothie King Center,
Sun Mar 1 2020,8:30p,Washington Wizards,124,Golden State Warriors,110,Box Score,,18064,Chase Center,
Mon Mar 2 2020,7:00p,Utah Jazz,126,Cleveland Cavaliers,113,Box Score,,15453,Rocket Mortgage Fieldhouse,
Mon Mar 2 2020,7:00p,Houston Rockets,123,New York Knicks,125,Box Score,,18142,Madison Square Garden (IV),
Mon Mar 2 2020,7:00p,Portland Trail Blazers,130,Orlando Magic,107,Box Score,,18078,Amway Center,
Mon Mar 2 2020,7:30p,Memphis Grizzlies,127,Atlanta Hawks,88,Box Score,,16207,State Farm Arena,
Mon Mar 2 2020,7:30p,Milwaukee Bucks,89,Miami Heat,105,Box Score,,19600,AmericanAirlines Arena,
Mon Mar 2 2020,8:00p,Dallas Mavericks,107,Chicago Bulls,109,Box Score,,18407,United Center,
Mon Mar 2 2020,8:30p,Indiana Pacers,116,San Antonio Spurs,111,Box Score,,17635,AT&T Center,
Tue Mar 3 2020,7:00p,San Antonio Spurs,104,Charlotte Hornets,103,Box Score,,12008,Spectrum Center,
Tue Mar 3 2020,7:30p,Brooklyn Nets,129,Boston Celtics,120,Box Score,OT,19156,TD Garden,
Tue Mar 3 2020,8:00p,Minnesota Timberwolves,139,New Orleans Pelicans,134,Box Score,,15264,Smoothie King Center,
Tue Mar 3 2020,8:00p,Los Angeles Clippers,109,Oklahoma City Thunder,94,Box Score,,18203,Chesapeake Energy Arena,
Tue Mar 3 2020,9:00p,Golden State Warriors,116,Denver Nuggets,100,Box Score,,19520,Pepsi Center,
Tue Mar 3 2020,9:00p,Toronto Raptors,123,Phoenix Suns,114,Box Score,,15553,Talking Stick Resort Arena,
Tue Mar 3 2020,10:00p,Philadelphia 76ers,107,Los Angeles Lakers,120,Box Score,,18997,STAPLES Center,
Tue Mar 3 2020,10:00p,Washington Wizards,126,Sacramento Kings,133,Box Score,,16419,Golden 1 Center,
Wed Mar 4 2020,7:00p,Boston Celtics,112,Cleveland Cavaliers,106,Box Score,,16897,Rocket Mortgage Fieldhouse,
Wed Mar 4 2020,7:00p,Oklahoma City Thunder,114,Detroit Pistons,107,Box Score,,15138,Little Caesars Arena,
Wed Mar 4 2020,7:00p,Indiana Pacers,100,Milwaukee Bucks,119,Box Score,,17695,Fiserv Forum,
Wed Mar 4 2020,7:30p,Memphis Grizzlies,118,Brooklyn Nets,79,Box Score,,16941,Barclays Center,
Wed Mar 4 2020,7:30p,Utah Jazz,112,New York Knicks,104,Box Score,,16588,Madison Square Garden (IV),
Wed Mar 4 2020,7:30p,Orlando Magic,113,Miami Heat,116,Box Score,,19600,AmericanAirlines Arena,
Wed Mar 4 2020,8:00p,Chicago Bulls,108,Minnesota Timberwolves,115,Box Score,,13392,Target Center,
Wed Mar 4 2020,9:30p,New Orleans Pelicans,123,Dallas Mavericks,127,Box Score,OT,20459,American Airlines Center,
Wed Mar 4 2020,10:00p,Washington Wizards,104,Portland Trail Blazers,125,Box Score,,19393,Moda Center,
Thu Mar 5 2020,7:00p,Denver Nuggets,114,Charlotte Hornets,112,Box Score,,13311,Spectrum Center,
Thu Mar 5 2020,8:00p,Los Angeles Clippers,120,Houston Rockets,105,Box Score,,18055,Toyota Center,
Thu Mar 5 2020,10:00p,Philadelphia 76ers,125,Sacramento Kings,108,Box Score,,15485,Golden 1 Center,
Thu Mar 5 2020,10:30p,Toronto Raptors,121,Golden State Warriors,113,Box Score,,18064,Chase Center,
Fri Mar 6 2020,7:00p,Atlanta Hawks,112,Washington Wizards,118,Box Score,,17856,Capital One Arena,
Fri Mar 6 2020,7:30p,San Antonio Spurs,120,Brooklyn Nets,139,Box Score,,16277,Barclays Center,
Fri Mar 6 2020,7:30p,Oklahoma City Thunder,126,New York Knicks,103,Box Score,,19499,Madison Square Garden (IV),
Fri Mar 6 2020,8:00p,Indiana Pacers,108,Chicago Bulls,102,Box Score,,20229,United Center,
Fri Mar 6 2020,8:00p,Orlando Magic,132,Minnesota Timberwolves,118,Box Score,,14315,Target Center,
Fri Mar 6 2020,8:00p,Miami Heat,104,New Orleans Pelicans,110,Box Score,,18384,Smoothie King Center,
Fri Mar 6 2020,8:00p,Utah Jazz,99,Boston Celtics,94,Box Score,,19156,TD Garden,
Fri Mar 6 2020,8:30p,Memphis Grizzlies,96,Dallas Mavericks,121,Box Score,,20370,American Airlines Center,
Fri Mar 6 2020,9:00p,Portland Trail Blazers,117,Phoenix Suns,127,Box Score,,15522,Talking Stick Resort Arena,
Fri Mar 6 2020,10:30p,Milwaukee Bucks,103,Los Angeles Lakers,113,Box Score,,18997,STAPLES Center,
Sat Mar 7 2020,5:00p,Houston Rockets,99,Charlotte Hornets,108,Box Score,,19159,Spectrum Center,
Sat Mar 7 2020,7:00p,Utah Jazz,111,Detroit Pistons,105,Box Score,,16590,Little Caesars Arena,
Sat Mar 7 2020,7:30p,Denver Nuggets,102,Cleveland Cavaliers,104,Box Score,,19432,Rocket Mortgage Fieldhouse,
Sat Mar 7 2020,8:00p,Atlanta Hawks,101,Memphis Grizzlies,118,Box Score,,17117,FedEx Forum,
Sat Mar 7 2020,8:30p,Philadelphia 76ers,114,Golden State Warriors,118,Box Score,,18064,Chase Center,
Sat Mar 7 2020,10:00p,Sacramento Kings,123,Portland Trail Blazers,111,Box Score,,19691,Moda Center,
Sun Mar 8 2020,3:00p,Chicago Bulls,107,Brooklyn Nets,110,Box Score,,15916,Barclays Center,
Sun Mar 8 2020,3:30p,New Orleans Pelicans,120,Minnesota Timberwolves,107,Box Score,,18978,Target Center,
Sun Mar 8 2020,3:30p,Los Angeles Lakers,112,Los Angeles Clippers,103,Box Score,,19068,STAPLES Center,
Sun Mar 8 2020,6:00p,Oklahoma City Thunder,105,Boston Celtics,104,Box Score,,19156,TD Garden,
Sun Mar 8 2020,6:00p,Milwaukee Bucks,131,Phoenix Suns,140,Box Score,,17282,Talking Stick Resort Arena,
Sun Mar 8 2020,7:00p,Miami Heat,100,Washington Wizards,89,Box Score,,18135,Capital One Arena,
Sun Mar 8 2020,7:00p,Indiana Pacers,112,Dallas Mavericks,109,Box Score,,20324,American Airlines Center,
Sun Mar 8 2020,7:00p,Orlando Magic,126,Houston Rockets,106,Box Score,,18055,Toyota Center,
Sun Mar 8 2020,7:30p,Detroit Pistons,84,New York Knicks,96,Box Score,,18361,Madison Square Garden (IV),
Sun Mar 8 2020,7:30p,San Antonio Spurs,129,Cleveland Cavaliers,132,Box Score,OT,17995,Rocket Mortgage Fieldhouse,
Sun Mar 8 2020,9:00p,Toronto Raptors,118,Sacramento Kings,113,Box Score,,16449,Golden 1 Center,
Mon Mar 9 2020,7:30p,Charlotte Hornets,138,Atlanta Hawks,143,Box Score,2OT,14399,State Farm Arena,
Mon Mar 9 2020,9:00p,Milwaukee Bucks,95,Denver Nuggets,109,Box Score,,19838,Pepsi Center,
Mon Mar 9 2020,9:00p,Toronto Raptors,101,Utah Jazz,92,Box Score,,18306,Vivint Smart Home Arena,
Tue Mar 10 2020,7:00p,New York Knicks,115,Washington Wizards,122,Box Score,,15048,Capital One Arena,
Tue Mar 10 2020,7:00p,Boston Celtics,114,Indiana Pacers,111,Box Score,,17053,Bankers Life Fieldhouse,
Tue Mar 10 2020,8:00p,Minnesota Timberwolves,111,Houston Rockets,117,Box Score,,18055,Toyota Center,
Tue Mar 10 2020,8:00p,Dallas Mavericks,109,San Antonio Spurs,119,Box Score,,18354,AT&T Center,
Tue Mar 10 2020,8:00p,Orlando Magic,120,Memphis Grizzlies,115,Box Score,,15388,FedEx Forum,
Tue Mar 10 2020,8:00p,Cleveland Cavaliers,103,Chicago Bulls,108,Box Score,,17837,United Center,
Tue Mar 10 2020,10:00p,Phoenix Suns,105,Portland Trail Blazers,121,Box Score,,19393,Moda Center,
Tue Mar 10 2020,10:30p,Brooklyn Nets,104,Los Angeles Lakers,102,Box Score,,18997,STAPLES Center,
Tue Mar 10 2020,10:30p,Los Angeles Clippers,131,Golden State Warriors,107,Box Score,,18064,Chase Center,
Wed Mar 11 2020,7:00p,Detroit Pistons,106,Philadelphia 76ers,124,Box Score,,20172,Wells Fargo Center,
Wed Mar 11 2020,7:30p,New York Knicks,136,Atlanta Hawks,131,Box Score,OT,15393,State Farm Arena,
Wed Mar 11 2020,7:30p,Charlotte Hornets,109,Miami Heat,98,Box Score,,19600,AmericanAirlines Arena,
Wed Mar 11 2020,8:00p,Denver Nuggets,97,Dallas Mavericks,113,Box Score,,20302,American Airlines Center,